-- MySQL dump 10.13  Distrib 5.1.56, for debian-linux-gnu (i486)
--
-- Host: localhost    Database: nuitblanche
-- ------------------------------------------------------
-- Server version	5.1.56-0.dotdeb.0

/*!40101 SET @OLD_CHARACTER_SET_CLIENT=@@CHARACTER_SET_CLIENT */;
/*!40101 SET @OLD_CHARACTER_SET_RESULTS=@@CHARACTER_SET_RESULTS */;
/*!40101 SET @OLD_COLLATION_CONNECTION=@@COLLATION_CONNECTION */;
/*!40101 SET NAMES utf8 */;
/*!40103 SET @OLD_TIME_ZONE=@@TIME_ZONE */;
/*!40103 SET TIME_ZONE='+00:00' */;
/*!40014 SET @OLD_UNIQUE_CHECKS=@@UNIQUE_CHECKS, UNIQUE_CHECKS=0 */;
/*!40014 SET @OLD_FOREIGN_KEY_CHECKS=@@FOREIGN_KEY_CHECKS, FOREIGN_KEY_CHECKS=0 */;
/*!40101 SET @OLD_SQL_MODE=@@SQL_MODE, SQL_MODE='NO_AUTO_VALUE_ON_ZERO' */;
/*!40111 SET @OLD_SQL_NOTES=@@SQL_NOTES, SQL_NOTES=0 */;

--
-- Table structure for table `comment`
--

DROP TABLE IF EXISTS `comment`;
/*!40101 SET @saved_cs_client     = @@character_set_client */;
/*!40101 SET character_set_client = utf8 */;
CREATE TABLE `comment` (
  `id` int(11) NOT NULL AUTO_INCREMENT,
  `news_id` int(11) DEFAULT NULL,
  `author_id` int(11) DEFAULT NULL,
  `date` datetime NOT NULL,
  `body` longtext NOT NULL,
  PRIMARY KEY (`id`),
  KEY `IDX_9474526CB5A459A0` (`news_id`),
  KEY `IDX_9474526CF675F31B` (`author_id`),
  CONSTRAINT `comment_ibfk_2` FOREIGN KEY (`author_id`) REFERENCES `nb_user` (`id`),
  CONSTRAINT `comment_ibfk_1` FOREIGN KEY (`news_id`) REFERENCES `news` (`id`)
) ENGINE=InnoDB AUTO_INCREMENT=2 DEFAULT CHARSET=latin1;
/*!40101 SET character_set_client = @saved_cs_client */;

--
-- Dumping data for table `comment`
--

LOCK TABLES `comment` WRITE;
/*!40000 ALTER TABLE `comment` DISABLE KEYS */;
INSERT INTO `comment` VALUES (1,1,1,'2011-05-30 14:59:55','And fill free to add some comments !');
/*!40000 ALTER TABLE `comment` ENABLE KEYS */;
UNLOCK TABLES;

--
-- Table structure for table `game`
--

DROP TABLE IF EXISTS `game`;
/*!40101 SET @saved_cs_client     = @@character_set_client */;
/*!40101 SET character_set_client = utf8 */;
CREATE TABLE `game` (
  `id` int(11) NOT NULL AUTO_INCREMENT,
  `date` datetime NOT NULL,
  `winner` int(11) DEFAULT NULL,
  `map` varchar(255) DEFAULT NULL,
  `warGame_id` int(11) DEFAULT NULL,
  PRIMARY KEY (`id`),
  KEY `IDX_232B318CE42CCA7A` (`warGame_id`),
  CONSTRAINT `game_ibfk_1` FOREIGN KEY (`warGame_id`) REFERENCES `wargame` (`id`)
) ENGINE=InnoDB AUTO_INCREMENT=472 DEFAULT CHARSET=latin1;
/*!40101 SET character_set_client = @saved_cs_client */;

--
-- Dumping data for table `game`
--

LOCK TABLES `game` WRITE;
/*!40000 ALTER TABLE `game` DISABLE KEYS */;
INSERT INTO `game` VALUES (1,'2010-09-06 21:00:00',1,NULL,1),(2,'2010-09-06 21:00:00',2,NULL,1),(3,'2010-09-06 21:00:00',2,NULL,1),(4,'2010-09-06 21:00:00',1,NULL,2),(5,'2010-09-06 21:00:00',1,NULL,2),(6,'2010-09-06 21:00:00',2,NULL,2),(7,'2010-09-06 21:00:00',2,NULL,3),(8,'2010-09-06 21:00:00',2,NULL,3),(9,'2010-09-06 21:00:00',1,NULL,4),(10,'2010-09-06 21:00:00',1,NULL,4),(11,'2010-09-06 21:00:00',2,NULL,4),(12,'2010-09-06 21:00:00',1,NULL,5),(13,'2010-09-06 21:00:00',1,NULL,5),(14,'2010-09-06 21:00:00',2,NULL,5),(15,'2010-09-06 21:00:00',2,NULL,6),(16,'2010-09-06 21:00:00',2,NULL,6),(17,'2010-09-06 21:00:00',2,NULL,7),(18,'2010-09-06 21:00:00',2,NULL,7),(19,'2010-09-06 21:00:00',2,NULL,8),(20,'2010-09-06 21:00:00',2,NULL,8),(21,'2010-09-10 21:00:00',1,NULL,1),(22,'2010-09-10 21:00:00',1,NULL,1),(23,'2010-09-10 21:00:00',2,NULL,1),(24,'2010-09-10 21:00:00',2,NULL,9),(25,'2010-09-10 21:00:00',2,NULL,9),(26,'2010-09-10 21:00:00',1,NULL,10),(27,'2010-09-10 21:00:00',2,NULL,10),(28,'2010-09-10 21:00:00',2,NULL,10),(29,'2010-09-10 21:00:00',2,NULL,11),(30,'2010-09-10 21:00:00',2,NULL,11),(31,'2010-09-10 21:00:00',1,NULL,12),(32,'2010-09-10 21:00:00',1,NULL,12),(33,'2010-09-10 21:00:00',2,NULL,12),(34,'2010-09-17 21:00:00',1,NULL,1),(35,'2010-09-17 21:00:00',1,NULL,1),(36,'2010-09-17 21:00:00',1,NULL,13),(37,'2010-09-17 21:00:00',1,NULL,13),(38,'2010-09-17 21:00:00',2,NULL,14),(39,'2010-09-17 21:00:00',2,NULL,14),(40,'2010-09-17 21:00:00',2,NULL,15),(41,'2010-09-17 21:00:00',2,NULL,15),(42,'2010-09-17 21:00:00',2,NULL,16),(43,'2010-09-17 21:00:00',2,NULL,16),(44,'2010-09-17 21:00:00',2,NULL,17),(45,'2010-09-17 21:00:00',2,NULL,17),(46,'2010-09-17 21:00:00',1,NULL,18),(47,'2010-09-17 21:00:00',1,NULL,18),(48,'2010-09-17 21:00:00',2,NULL,18),(49,'2010-09-17 21:00:00',2,NULL,19),(50,'2010-09-17 21:00:00',2,NULL,19),(51,'2011-01-30 21:00:00',1,NULL,1),(52,'2011-01-30 21:00:00',1,NULL,1),(53,'2011-01-30 21:00:00',2,NULL,1),(54,'2011-01-30 21:00:00',1,NULL,20),(55,'2011-01-30 21:00:00',1,NULL,20),(56,'2011-01-30 21:00:00',1,NULL,21),(57,'2011-01-30 21:00:00',2,NULL,21),(58,'2011-01-30 21:00:00',2,NULL,21),(59,'2011-01-30 21:00:00',1,NULL,22),(60,'2011-01-30 21:00:00',2,NULL,22),(61,'2011-01-30 21:00:00',2,NULL,22),(62,'2011-01-30 21:00:00',1,NULL,23),(63,'2011-01-30 21:00:00',1,NULL,23),(64,'2011-02-06 21:00:00',2,NULL,1),(65,'2011-02-06 21:00:00',2,NULL,1),(66,'2011-02-06 21:00:00',1,NULL,24),(67,'2011-02-06 21:00:00',2,NULL,24),(68,'2011-02-06 21:00:00',2,NULL,24),(69,'2011-02-06 21:00:00',1,NULL,25),(70,'2011-02-06 21:00:00',1,NULL,25),(71,'2011-02-06 21:00:00',1,NULL,26),(72,'2011-02-06 21:00:00',1,NULL,26),(73,'2011-02-06 21:00:00',2,NULL,26),(74,'2011-02-06 21:00:00',2,NULL,27),(75,'2011-02-06 21:00:00',2,NULL,27),(76,'2011-02-06 21:00:00',1,NULL,28),(77,'2011-02-06 21:00:00',1,NULL,28),(78,'2011-02-06 21:00:00',2,NULL,28),(79,'2011-02-06 21:00:00',2,NULL,29),(80,'2011-02-06 21:00:00',2,NULL,29),(81,'2011-02-13 21:00:00',1,NULL,1),(82,'2011-02-13 21:00:00',1,NULL,1),(83,'2011-02-13 21:00:00',1,NULL,30),(84,'2011-02-13 21:00:00',1,NULL,30),(85,'2011-02-13 21:00:00',2,NULL,31),(86,'2011-02-13 21:00:00',2,NULL,31),(87,'2011-02-13 21:00:00',2,NULL,32),(88,'2011-02-13 21:00:00',2,NULL,32),(89,'2011-02-13 21:00:00',1,NULL,33),(90,'2011-02-13 21:00:00',1,NULL,33),(91,'2010-09-19 21:00:00',1,NULL,34),(92,'2010-09-19 21:00:00',1,NULL,34),(93,'2010-09-19 21:00:00',2,NULL,34),(94,'2010-09-19 21:00:00',1,NULL,35),(95,'2010-09-19 21:00:00',1,NULL,35),(96,'2010-09-19 21:00:00',1,NULL,36),(97,'2010-09-19 21:00:00',1,NULL,36),(98,'2010-09-19 21:00:00',1,NULL,37),(99,'2010-09-19 21:00:00',1,NULL,37),(100,'2010-09-19 21:00:00',1,NULL,38),(101,'2010-09-19 21:00:00',1,NULL,38),(102,'2010-09-26 21:00:00',1,NULL,2),(103,'2010-09-26 21:00:00',1,NULL,2),(104,'2010-09-26 21:00:00',1,NULL,39),(105,'2010-09-26 21:00:00',2,NULL,39),(106,'2010-09-26 21:00:00',2,NULL,39),(107,'2010-09-26 21:00:00',1,NULL,40),(108,'2010-09-26 21:00:00',2,NULL,40),(109,'2010-09-26 21:00:00',2,NULL,40),(110,'2010-09-26 21:00:00',1,NULL,41),(111,'2010-09-26 21:00:00',1,NULL,41),(112,'2010-09-26 21:00:00',1,NULL,42),(113,'2010-09-26 21:00:00',1,NULL,42),(114,'2010-10-03 21:00:00',2,NULL,2),(115,'2010-10-03 21:00:00',2,NULL,2),(116,'2010-10-03 21:00:00',2,NULL,43),(117,'2010-10-03 21:00:00',2,NULL,43),(118,'2010-10-03 21:00:00',1,NULL,44),(119,'2010-10-03 21:00:00',1,NULL,44),(120,'2010-10-03 21:00:00',1,NULL,45),(121,'2010-10-03 21:00:00',1,NULL,45),(122,'2010-10-03 21:00:00',2,NULL,46),(123,'2010-10-03 21:00:00',2,NULL,46),(124,'2010-10-08 21:00:00',2,NULL,2),(125,'2010-10-08 21:00:00',2,NULL,2),(126,'2010-10-08 21:00:00',1,NULL,47),(127,'2010-10-08 21:00:00',1,NULL,47),(128,'2010-10-08 21:00:00',1,NULL,48),(129,'2010-10-08 21:00:00',1,NULL,48),(130,'2010-10-08 21:00:00',1,NULL,49),(131,'2010-10-08 21:00:00',1,NULL,49),(132,'2010-10-08 21:00:00',2,NULL,50),(133,'2010-10-08 21:00:00',2,NULL,50),(134,'2010-10-17 21:00:00',1,NULL,2),(135,'2010-10-17 21:00:00',1,NULL,2),(136,'2010-10-17 21:00:00',1,NULL,51),(137,'2010-10-17 21:00:00',1,NULL,51),(138,'2010-10-17 21:00:00',1,NULL,52),(139,'2010-10-17 21:00:00',1,NULL,52),(140,'2010-10-17 21:00:00',1,NULL,53),(141,'2010-10-17 21:00:00',1,NULL,53),(142,'2010-10-17 21:00:00',2,NULL,53),(143,'2010-10-17 21:00:00',1,NULL,54),(144,'2010-10-17 21:00:00',1,NULL,54),(145,'2010-10-24 21:00:00',2,NULL,2),(146,'2010-10-24 21:00:00',2,NULL,2),(147,'2010-10-24 21:00:00',1,NULL,55),(148,'2010-10-24 21:00:00',2,NULL,55),(149,'2010-10-24 21:00:00',2,NULL,55),(150,'2010-10-24 21:00:00',1,NULL,56),(151,'2010-10-24 21:00:00',1,NULL,56),(152,'2010-10-24 21:00:00',2,NULL,56),(153,'2010-10-24 21:00:00',1,NULL,57),(154,'2010-10-24 21:00:00',2,NULL,57),(155,'2010-10-24 21:00:00',2,NULL,57),(156,'2010-10-24 21:00:00',1,NULL,58),(157,'2010-10-24 21:00:00',1,NULL,58),(158,'2010-11-01 21:00:00',1,NULL,2),(159,'2010-11-01 21:00:00',1,NULL,2),(160,'2010-11-01 21:00:00',1,NULL,59),(161,'2010-11-01 21:00:00',1,NULL,59),(162,'2010-11-01 21:00:00',1,NULL,60),(163,'2010-11-01 21:00:00',1,NULL,60),(164,'2010-11-01 21:00:00',1,NULL,61),(165,'2010-11-01 21:00:00',1,NULL,61),(166,'2010-11-01 21:00:00',1,NULL,62),(167,'2010-11-01 21:00:00',1,NULL,62),(168,'2010-11-07 21:00:00',1,NULL,2),(169,'2010-11-07 21:00:00',1,NULL,2),(170,'2010-11-07 21:00:00',2,NULL,2),(171,'2010-11-07 21:00:00',1,NULL,63),(172,'2010-11-07 21:00:00',1,NULL,63),(173,'2010-11-07 21:00:00',2,NULL,64),(174,'2010-11-07 21:00:00',2,NULL,64),(175,'2010-11-07 21:00:00',1,NULL,65),(176,'2010-11-07 21:00:00',1,NULL,65),(177,'2010-11-07 21:00:00',1,NULL,66),(178,'2010-11-07 21:00:00',1,NULL,66),(179,'2010-11-14 21:00:00',1,NULL,2),(180,'2010-11-14 21:00:00',1,NULL,2),(181,'2010-11-14 21:00:00',1,NULL,67),(182,'2010-11-14 21:00:00',2,NULL,67),(183,'2010-11-14 21:00:00',2,NULL,67),(184,'2010-11-14 21:00:00',1,NULL,68),(185,'2010-11-14 21:00:00',1,NULL,68),(186,'2010-11-14 21:00:00',1,NULL,69),(187,'2010-11-14 21:00:00',2,NULL,69),(188,'2010-11-14 21:00:00',2,NULL,69),(189,'2010-11-14 21:00:00',1,NULL,70),(190,'2010-11-14 21:00:00',1,NULL,70),(191,'2010-09-26 19:00:00',1,NULL,71),(192,'2010-09-26 19:00:00',2,NULL,71),(193,'2010-09-26 19:00:00',2,NULL,71),(194,'2010-09-26 19:00:00',2,NULL,72),(195,'2010-09-26 19:00:00',2,NULL,72),(196,'2010-09-26 19:00:00',1,NULL,73),(197,'2010-09-26 19:00:00',1,NULL,73),(198,'2010-09-26 19:00:00',1,NULL,74),(199,'2010-09-26 19:00:00',2,NULL,74),(200,'2010-09-26 19:00:00',2,NULL,74),(201,'2010-09-26 19:00:00',1,NULL,75),(202,'2010-09-26 19:00:00',1,NULL,75),(203,'2010-09-26 19:00:00',1,NULL,76),(204,'2010-09-26 19:00:00',1,NULL,76),(205,'2010-10-03 19:00:00',1,NULL,3),(206,'2010-10-03 19:00:00',1,NULL,3),(207,'2010-10-03 19:00:00',1,NULL,77),(208,'2010-10-03 19:00:00',1,NULL,77),(209,'2010-10-03 19:00:00',1,NULL,78),(210,'2010-10-03 19:00:00',2,NULL,78),(211,'2010-10-03 19:00:00',2,NULL,78),(212,'2010-10-03 19:00:00',1,NULL,79),(213,'2010-10-03 19:00:00',1,NULL,79),(214,'2010-10-03 19:00:00',1,NULL,80),(215,'2010-10-03 19:00:00',2,NULL,80),(216,'2010-10-03 19:00:00',2,NULL,80),(217,'2010-10-03 19:00:00',1,NULL,81),(218,'2010-10-03 19:00:00',1,NULL,81),(219,'2010-10-10 19:00:00',1,NULL,3),(220,'2010-10-10 19:00:00',1,NULL,3),(221,'2010-10-10 19:00:00',2,NULL,82),(222,'2010-10-10 19:00:00',2,NULL,82),(223,'2010-10-10 19:00:00',2,NULL,83),(224,'2010-10-10 19:00:00',2,NULL,83),(225,'2010-10-10 19:00:00',1,NULL,84),(226,'2010-10-10 19:00:00',2,NULL,84),(227,'2010-10-10 19:00:00',2,NULL,84),(228,'2010-10-10 19:00:00',1,NULL,85),(229,'2010-10-10 19:00:00',1,NULL,85),(230,'2010-10-10 19:00:00',2,NULL,86),(231,'2010-10-10 19:00:00',2,NULL,86),(232,'2010-10-17 19:00:00',1,NULL,3),(233,'2010-10-17 19:00:00',1,NULL,3),(234,'2010-10-17 19:00:00',1,NULL,87),(235,'2010-10-17 19:00:00',1,NULL,87),(236,'2010-10-17 19:00:00',2,NULL,87),(237,'2010-10-17 19:00:00',1,NULL,88),(238,'2010-10-17 19:00:00',1,NULL,88),(239,'2010-10-17 19:00:00',1,NULL,89),(240,'2010-10-17 19:00:00',1,NULL,89),(241,'2010-10-17 19:00:00',1,NULL,90),(242,'2010-10-17 19:00:00',1,NULL,90),(243,'2010-10-17 19:00:00',1,NULL,91),(244,'2010-10-17 19:00:00',1,NULL,91),(245,'2010-10-31 19:00:00',2,NULL,3),(246,'2010-10-31 19:00:00',2,NULL,3),(247,'2010-10-31 19:00:00',1,NULL,92),(248,'2010-10-31 19:00:00',1,NULL,92),(249,'2010-10-31 19:00:00',1,NULL,93),(250,'2010-10-31 19:00:00',1,NULL,93),(251,'2010-10-31 19:00:00',1,NULL,94),(252,'2010-10-31 19:00:00',1,NULL,94),(253,'2010-10-31 19:00:00',1,NULL,95),(254,'2010-10-31 19:00:00',1,NULL,95),(255,'2010-10-31 19:00:00',2,NULL,96),(256,'2010-10-31 19:00:00',2,NULL,96),(257,'2010-10-04 17:00:00',1,NULL,97),(258,'2010-10-04 17:00:00',2,NULL,97),(259,'2010-10-04 17:00:00',2,NULL,97),(260,'2010-10-04 17:00:00',2,NULL,98),(261,'2010-10-04 17:00:00',2,NULL,98),(262,'2010-10-04 17:00:00',2,NULL,99),(263,'2010-10-04 17:00:00',2,NULL,99),(264,'2010-10-11 17:00:00',2,NULL,4),(265,'2010-10-11 17:00:00',2,NULL,4),(266,'2010-10-11 17:00:00',2,NULL,100),(267,'2010-10-11 17:00:00',2,NULL,100),(268,'2010-10-11 17:00:00',2,NULL,101),(269,'2010-10-11 17:00:00',2,NULL,101),(270,'2010-10-11 17:00:00',1,NULL,102),(271,'2010-10-11 17:00:00',1,NULL,102),(272,'2010-10-11 17:00:00',2,NULL,102),(273,'2010-10-11 17:00:00',2,NULL,103),(274,'2010-10-11 17:00:00',2,NULL,103),(275,'2010-11-28 17:00:00',1,NULL,4),(276,'2010-11-28 17:00:00',2,NULL,4),(277,'2010-11-28 17:00:00',2,NULL,4),(278,'2010-11-28 17:00:00',1,NULL,104),(279,'2010-11-28 17:00:00',1,NULL,104),(280,'2010-11-28 17:00:00',1,NULL,105),(281,'2010-11-28 17:00:00',2,NULL,105),(282,'2010-11-28 17:00:00',2,NULL,105),(283,'2010-11-28 17:00:00',1,NULL,106),(284,'2010-11-28 17:00:00',1,NULL,106),(285,'2010-11-28 17:00:00',2,NULL,106),(286,'2010-11-28 17:00:00',1,NULL,107),(287,'2010-11-28 17:00:00',1,NULL,107),(288,'2010-12-06 17:00:00',2,NULL,4),(289,'2010-12-06 17:00:00',2,NULL,4),(290,'2010-12-06 17:00:00',1,NULL,108),(291,'2010-12-06 17:00:00',1,NULL,108),(292,'2010-12-06 17:00:00',2,NULL,108),(293,'2010-12-06 17:00:00',2,NULL,109),(294,'2010-12-06 17:00:00',2,NULL,109),(295,'2010-12-06 17:00:00',1,NULL,110),(296,'2010-12-06 17:00:00',2,NULL,110),(297,'2010-12-06 17:00:00',2,NULL,110),(298,'2010-12-06 17:00:00',1,NULL,111),(299,'2010-12-06 17:00:00',1,NULL,111),(300,'2010-12-12 17:00:00',1,NULL,4),(301,'2010-12-12 17:00:00',1,NULL,4),(302,'2010-12-12 17:00:00',1,NULL,112),(303,'2010-12-12 17:00:00',1,NULL,112),(304,'2010-12-12 17:00:00',2,NULL,112),(305,'2010-12-12 17:00:00',2,NULL,113),(306,'2010-12-12 17:00:00',2,NULL,113),(307,'2010-12-12 17:00:00',1,NULL,114),(308,'2010-12-12 17:00:00',1,NULL,114),(309,'2010-12-12 17:00:00',1,NULL,115),(310,'2010-12-17 17:00:00',1,NULL,4),(311,'2010-12-17 17:00:00',1,NULL,4),(312,'2010-12-17 17:00:00',2,NULL,4),(313,'2010-12-17 17:00:00',1,NULL,116),(314,'2010-12-17 17:00:00',1,NULL,116),(315,'2010-12-17 17:00:00',1,NULL,117),(316,'2010-12-17 17:00:00',1,NULL,117),(317,'2010-12-17 17:00:00',2,NULL,117),(318,'2010-12-17 17:00:00',2,NULL,118),(319,'2010-12-17 17:00:00',2,NULL,118),(320,'2010-12-17 17:00:00',1,NULL,119),(321,'2010-12-17 17:00:00',1,NULL,119),(322,'2011-01-16 17:00:00',2,NULL,4),(323,'2011-01-16 17:00:00',2,NULL,4),(324,'2011-01-16 17:00:00',2,NULL,120),(325,'2011-01-16 17:00:00',1,NULL,121),(326,'2011-01-16 17:00:00',1,NULL,122),(327,'2011-01-16 17:00:00',1,NULL,122),(328,'2011-01-16 17:00:00',1,NULL,123),(329,'2011-01-16 17:00:00',1,NULL,123),(330,'2011-01-16 17:00:00',2,NULL,123),(331,'2011-01-23 17:00:00',1,NULL,4),(332,'2011-01-23 17:00:00',1,NULL,4),(333,'2011-01-23 17:00:00',1,NULL,124),(334,'2011-01-23 17:00:00',1,NULL,124),(335,'2011-01-23 17:00:00',2,NULL,124),(336,'2011-01-23 17:00:00',2,NULL,125),(337,'2011-01-23 17:00:00',2,NULL,125),(338,'2011-01-23 17:00:00',1,NULL,126),(339,'2011-01-23 17:00:00',1,NULL,126),(340,'2011-01-23 17:00:00',2,NULL,126),(341,'2011-01-23 17:00:00',2,NULL,127),(342,'2011-01-23 17:00:00',2,NULL,127),(343,'2011-02-08 17:00:00',2,NULL,4),(344,'2011-02-08 17:00:00',2,NULL,4),(345,'2011-02-08 17:00:00',2,NULL,128),(346,'2011-02-08 17:00:00',2,NULL,128),(347,'2011-02-08 17:00:00',2,NULL,129),(348,'2011-02-08 17:00:00',2,NULL,129),(349,'2011-02-08 17:00:00',2,NULL,130),(350,'2011-02-08 17:00:00',2,NULL,130),(351,'2011-02-08 17:00:00',1,NULL,131),(352,'2011-02-08 17:00:00',1,NULL,131),(353,'2011-02-20 17:00:00',1,NULL,4),(354,'2011-02-20 17:00:00',2,NULL,4),(355,'2011-02-20 17:00:00',2,NULL,4),(356,'2011-02-20 17:00:00',1,NULL,132),(357,'2011-02-20 17:00:00',1,NULL,132),(358,'2011-02-20 17:00:00',2,NULL,133),(359,'2011-02-20 17:00:00',2,NULL,133),(360,'2011-02-20 17:00:00',1,NULL,134),(361,'2011-02-20 17:00:00',2,NULL,134),(362,'2011-02-20 17:00:00',2,NULL,134),(363,'2011-04-10 19:00:00',1,NULL,135),(364,'2011-04-10 19:00:00',1,NULL,135),(365,'2011-04-10 19:00:00',2,NULL,135),(366,'2011-04-10 19:00:00',1,NULL,136),(367,'2011-04-10 19:00:00',1,NULL,136),(368,'2011-04-10 19:00:00',1,NULL,137),(369,'2011-04-10 19:00:00',2,NULL,137),(370,'2011-04-10 19:00:00',2,NULL,137),(371,'2011-04-10 19:00:00',1,NULL,138),(372,'2011-04-10 19:00:00',1,NULL,138),(373,'2011-04-10 19:00:00',2,NULL,138),(374,'2011-04-10 19:00:00',1,NULL,139),(375,'2011-04-10 19:00:00',1,NULL,139),(376,'2011-04-24 19:00:00',1,NULL,3),(377,'2011-04-24 19:00:00',2,NULL,3),(378,'2011-04-24 19:00:00',2,NULL,3),(379,'2011-04-24 19:00:00',2,NULL,140),(380,'2011-04-24 19:00:00',2,NULL,140),(381,'2011-04-24 19:00:00',1,NULL,141),(382,'2011-04-24 19:00:00',2,NULL,141),(383,'2011-04-24 19:00:00',2,NULL,141),(384,'2011-04-24 19:00:00',2,NULL,142),(385,'2011-04-24 19:00:00',2,NULL,142),(386,'2011-05-01 19:00:00',2,NULL,3),(387,'2011-05-01 19:00:00',2,NULL,3),(388,'2011-05-01 19:00:00',1,NULL,143),(389,'2011-05-01 19:00:00',1,NULL,143),(390,'2011-05-01 19:00:00',1,NULL,144),(391,'2011-05-01 19:00:00',1,NULL,144),(392,'2011-05-01 19:00:00',1,NULL,145),(393,'2011-05-01 19:00:00',1,NULL,145),(394,'2011-05-01 19:00:00',2,NULL,145),(395,'2011-05-01 19:00:00',1,NULL,146),(396,'2011-05-01 19:00:00',2,NULL,146),(397,'2011-05-01 19:00:00',2,NULL,146),(398,'2011-05-08 19:00:00',2,NULL,3),(399,'2011-05-08 19:00:00',2,NULL,3),(400,'2011-05-08 19:00:00',1,NULL,147),(401,'2011-05-08 19:00:00',2,NULL,147),(402,'2011-05-08 19:00:00',2,NULL,147),(403,'2011-05-08 19:00:00',2,NULL,148),(404,'2011-05-08 19:00:00',2,NULL,148),(405,'2011-05-08 19:00:00',2,NULL,149),(406,'2011-05-08 19:00:00',2,NULL,149),(407,'2011-05-08 19:00:00',1,NULL,150),(408,'2011-05-08 19:00:00',2,NULL,150),(409,'2011-05-22 19:00:00',2,NULL,3),(410,'2011-05-22 19:00:00',2,NULL,3),(411,'2011-05-22 19:00:00',1,NULL,151),(412,'2011-05-22 19:00:00',1,NULL,151),(413,'2011-05-22 19:00:00',1,NULL,152),(414,'2011-05-22 19:00:00',2,NULL,152),(415,'2011-05-22 19:00:00',2,NULL,152),(416,'2011-05-22 19:00:00',1,NULL,153),(417,'2011-05-22 19:00:00',1,NULL,153),(418,'2011-05-22 19:00:00',1,NULL,154),(419,'2011-05-22 19:00:00',2,NULL,154),(420,'2011-05-22 19:00:00',2,NULL,154),(421,'2011-05-01 17:00:00',1,NULL,155),(422,'2011-05-01 17:00:00',1,NULL,155),(423,'2011-05-01 17:00:00',1,NULL,156),(424,'2011-05-01 17:00:00',1,NULL,156),(425,'2011-05-01 17:00:00',1,NULL,157),(426,'2011-05-01 17:00:00',2,NULL,157),(427,'2011-05-01 17:00:00',2,NULL,157),(428,'2011-05-01 17:00:00',1,NULL,158),(429,'2011-05-01 17:00:00',1,NULL,158),(430,'2011-05-01 17:00:00',2,NULL,159),(431,'2011-05-01 17:00:00',2,NULL,159),(432,'2011-05-08 17:00:00',2,NULL,2),(433,'2011-05-08 17:00:00',2,NULL,2),(434,'2011-05-08 17:00:00',2,NULL,160),(435,'2011-05-08 17:00:00',2,NULL,160),(436,'2011-05-08 17:00:00',1,NULL,161),(437,'2011-05-08 17:00:00',1,NULL,161),(438,'2011-05-08 17:00:00',2,NULL,161),(439,'2011-05-08 17:00:00',1,NULL,162),(440,'2011-05-08 17:00:00',1,NULL,162),(441,'2011-05-08 17:00:00',1,NULL,163),(442,'2011-05-08 17:00:00',1,NULL,163),(443,'2011-05-08 17:00:00',2,NULL,163),(444,'2011-05-15 17:00:00',1,NULL,2),(445,'2011-05-15 17:00:00',2,NULL,2),(446,'2011-05-15 17:00:00',2,NULL,2),(447,'2011-05-15 17:00:00',1,NULL,164),(448,'2011-05-15 17:00:00',2,NULL,164),(449,'2011-05-15 17:00:00',2,NULL,164),(450,'2011-05-15 17:00:00',1,NULL,165),(451,'2011-05-15 17:00:00',1,NULL,165),(452,'2011-05-15 17:00:00',2,NULL,165),(453,'2011-05-15 17:00:00',1,NULL,166),(454,'2011-05-15 17:00:00',1,NULL,166),(455,'2011-05-15 17:00:00',2,NULL,166),(456,'2011-05-15 17:00:00',1,NULL,167),(457,'2011-05-15 17:00:00',1,NULL,167),(458,'2011-05-15 17:00:00',2,NULL,167),(459,'2011-05-22 17:00:00',2,NULL,2),(460,'2011-05-22 17:00:00',2,NULL,2),(461,'2011-05-22 17:00:00',1,NULL,168),(462,'2011-05-22 17:00:00',1,NULL,168),(463,'2011-05-22 17:00:00',1,NULL,169),(464,'2011-05-22 17:00:00',2,NULL,169),(465,'2011-05-22 17:00:00',2,NULL,169),(466,'2011-05-22 17:00:00',1,NULL,170),(467,'2011-05-22 17:00:00',2,NULL,170),(468,'2011-05-22 17:00:00',2,NULL,170),(469,'2011-05-22 17:00:00',1,NULL,171),(470,'2011-05-22 17:00:00',1,NULL,171),(471,'2011-05-22 17:00:00',2,NULL,171);
/*!40000 ALTER TABLE `game` ENABLE KEYS */;
UNLOCK TABLES;

--
-- Table structure for table `gameplayer`
--

DROP TABLE IF EXISTS `gameplayer`;
/*!40101 SET @saved_cs_client     = @@character_set_client */;
/*!40101 SET character_set_client = utf8 */;
CREATE TABLE `gameplayer` (
  `id` int(11) NOT NULL AUTO_INCREMENT,
  `game_id` int(11) DEFAULT NULL,
  `player_id` int(11) DEFAULT NULL,
  `name` varchar(255) DEFAULT NULL,
  `race` varchar(255) NOT NULL,
  `color` varchar(255) DEFAULT NULL,
  `apm` int(11) DEFAULT NULL,
  `team` int(11) NOT NULL,
  `warGame_id` int(11) DEFAULT NULL,
  PRIMARY KEY (`id`),
  KEY `IDX_2012EF76E48FD905` (`game_id`),
  KEY `IDX_2012EF76E42CCA7A` (`warGame_id`),
  KEY `IDX_2012EF7699E6F5DF` (`player_id`),
  CONSTRAINT `gameplayer_ibfk_3` FOREIGN KEY (`player_id`) REFERENCES `player` (`id`),
  CONSTRAINT `gameplayer_ibfk_1` FOREIGN KEY (`game_id`) REFERENCES `game` (`id`),
  CONSTRAINT `gameplayer_ibfk_2` FOREIGN KEY (`warGame_id`) REFERENCES `wargame` (`id`)
) ENGINE=InnoDB AUTO_INCREMENT=1148 DEFAULT CHARSET=latin1;
/*!40101 SET character_set_client = @saved_cs_client */;

--
-- Dumping data for table `gameplayer`
--

LOCK TABLES `gameplayer` WRITE;
/*!40000 ALTER TABLE `gameplayer` DISABLE KEYS */;
INSERT INTO `gameplayer` VALUES (1,1,3,'loveeyes','terran',NULL,NULL,1,1),(2,1,NULL,'KayO','protoss',NULL,NULL,2,1),(3,2,3,'loveeyes','terran',NULL,NULL,1,1),(4,2,NULL,'KayO','protoss',NULL,NULL,2,1),(5,3,3,'loveeyes','terran',NULL,NULL,1,1),(6,3,NULL,'KayO','protoss',NULL,NULL,2,1),(7,4,NULL,'Clafter','terran',NULL,NULL,1,2),(8,4,NULL,'deco','protoss',NULL,NULL,2,2),(9,5,NULL,'Clafter','terran',NULL,NULL,1,2),(10,5,NULL,'deco','protoss',NULL,NULL,2,2),(11,6,NULL,'Clafter','terran',NULL,NULL,1,2),(12,6,NULL,'deco','protoss',NULL,NULL,2,2),(13,7,1,'AlepH','protoss',NULL,NULL,1,3),(14,7,NULL,'m00nty','protoss',NULL,NULL,2,3),(15,8,1,'AlepH','protoss',NULL,NULL,1,3),(16,8,NULL,'m00nty','protoss',NULL,NULL,2,3),(17,9,NULL,'Naudar','random',NULL,NULL,1,4),(18,9,NULL,'Inside','protoss',NULL,NULL,2,4),(19,10,NULL,'Naudar','random',NULL,NULL,1,4),(20,10,NULL,'Inside','protoss',NULL,NULL,2,4),(21,11,NULL,'Naudar','random',NULL,NULL,1,4),(22,11,NULL,'Inside','protoss',NULL,NULL,2,4),(23,12,NULL,'YoPYoP','protoss',NULL,NULL,1,5),(24,12,NULL,'Chemist','terran',NULL,NULL,2,5),(25,13,NULL,'YoPYoP','protoss',NULL,NULL,1,5),(26,13,NULL,'Chemist','terran',NULL,NULL,2,5),(27,14,NULL,'YoPYoP','protoss',NULL,NULL,1,5),(28,14,NULL,'Chemist','terran',NULL,NULL,2,5),(29,15,NULL,'HammeR','random',NULL,NULL,1,6),(30,15,NULL,'Naoned','random',NULL,NULL,2,6),(31,16,NULL,'HammeR','random',NULL,NULL,1,6),(32,16,NULL,'Naoned','random',NULL,NULL,2,6),(33,17,NULL,'Clafter','terran',NULL,NULL,1,7),(34,17,3,'loveeyes','terran',NULL,NULL,1,7),(35,17,NULL,'deco','protoss',NULL,NULL,2,7),(36,17,NULL,'Naoned','zerg',NULL,NULL,2,7),(37,18,NULL,'Clafter','terran',NULL,NULL,1,7),(38,18,3,'loveeyes','terran',NULL,NULL,1,7),(39,18,NULL,'deco','protoss',NULL,NULL,2,7),(40,18,NULL,'Naoned','zerg',NULL,NULL,2,7),(41,19,NULL,'Acid','protoss',NULL,NULL,1,8),(42,19,NULL,'HammeR','random',NULL,NULL,1,8),(43,19,NULL,'Amaley','random',NULL,NULL,2,8),(44,19,NULL,'Inside','random',NULL,NULL,2,8),(45,20,NULL,'Acid','protoss',NULL,NULL,1,8),(46,20,NULL,'HammeR','random',NULL,NULL,1,8),(47,20,NULL,'Amaley','random',NULL,NULL,2,8),(48,20,NULL,'Inside','random',NULL,NULL,2,8),(49,21,NULL,'MttN','terran',NULL,NULL,1,1),(50,21,NULL,'nAm','protoss',NULL,NULL,2,1),(51,22,NULL,'MttN','terran',NULL,NULL,1,1),(52,22,NULL,'nAm','protoss',NULL,NULL,2,1),(53,23,NULL,'MttN','terran',NULL,NULL,1,1),(54,23,NULL,'nAm','protoss',NULL,NULL,2,1),(55,24,3,'loveeyes','terran',NULL,NULL,1,9),(56,24,NULL,'Crappy','protoss',NULL,NULL,2,9),(57,25,3,'loveeyes','terran',NULL,NULL,1,9),(58,25,NULL,'Crappy','protoss',NULL,NULL,2,9),(59,26,NULL,'BaGhLa','terran',NULL,NULL,1,10),(60,26,NULL,'Zwey','protoss',NULL,NULL,2,10),(61,27,NULL,'BaGhLa','terran',NULL,NULL,1,10),(62,27,NULL,'Zwey','protoss',NULL,NULL,2,10),(63,28,NULL,'BaGhLa','terran',NULL,NULL,1,10),(64,28,NULL,'Zwey','protoss',NULL,NULL,2,10),(65,29,NULL,'Kura','terran',NULL,NULL,1,11),(66,29,NULL,'NaSh','random',NULL,NULL,2,11),(67,30,NULL,'Kura','terran',NULL,NULL,1,11),(68,30,NULL,'NaSh','random',NULL,NULL,2,11),(69,31,NULL,'BaGhLa','terran',NULL,NULL,1,12),(70,31,NULL,'Kura','zerg',NULL,NULL,1,12),(71,31,NULL,'nAm','protoss',NULL,NULL,2,12),(72,31,NULL,'NaSh','terran',NULL,NULL,2,12),(73,32,NULL,'BaGhLa','terran',NULL,NULL,1,12),(74,32,NULL,'Kura','zerg',NULL,NULL,1,12),(75,32,NULL,'nAm','protoss',NULL,NULL,2,12),(76,32,NULL,'NaSh','terran',NULL,NULL,2,12),(77,33,NULL,'BaGhLa','terran',NULL,NULL,1,12),(78,33,NULL,'Kura','zerg',NULL,NULL,1,12),(79,33,NULL,'nAm','protoss',NULL,NULL,2,12),(80,33,NULL,'NaSh','terran',NULL,NULL,2,12),(81,34,3,'loveeyes','terran',NULL,NULL,1,1),(82,34,NULL,'SaJa','protoss',NULL,NULL,2,1),(83,35,3,'loveeyes','terran',NULL,NULL,1,1),(84,35,NULL,'SaJa','protoss',NULL,NULL,2,1),(85,36,NULL,'MttN','terran',NULL,NULL,1,13),(86,36,NULL,'ZerGo','zerg',NULL,NULL,2,13),(87,37,NULL,'MttN','terran',NULL,NULL,1,13),(88,37,NULL,'ZerGo','zerg',NULL,NULL,2,13),(89,38,NULL,'Kura','terran',NULL,NULL,1,14),(90,38,NULL,'Jim','terran',NULL,NULL,2,14),(91,39,NULL,'Kura','terran',NULL,NULL,1,14),(92,39,NULL,'Jim','terran',NULL,NULL,2,14),(93,40,NULL,'HammeR','random',NULL,NULL,1,15),(94,40,NULL,'HaN','random',NULL,NULL,2,15),(95,41,NULL,'HammeR','random',NULL,NULL,1,15),(96,41,NULL,'HaN','random',NULL,NULL,2,15),(97,42,NULL,'Acid','protoss',NULL,NULL,1,16),(98,42,NULL,'Osgiliath','zerg',NULL,NULL,2,16),(99,43,NULL,'Acid','protoss',NULL,NULL,1,16),(100,43,NULL,'Osgiliath','zerg',NULL,NULL,2,16),(101,44,1,'AlepH','protoss',NULL,NULL,1,17),(102,44,NULL,'DaRa','protoss',NULL,NULL,2,17),(103,45,1,'AlepH','protoss',NULL,NULL,1,17),(104,45,NULL,'DaRa','protoss',NULL,NULL,2,17),(105,46,NULL,'MttN','terran',NULL,NULL,1,18),(106,46,NULL,'Kura','zerg',NULL,NULL,1,18),(107,46,NULL,'DaRa','protoss',NULL,NULL,2,18),(108,46,NULL,'Jim','terran',NULL,NULL,2,18),(109,47,NULL,'MttN','terran',NULL,NULL,1,18),(110,47,NULL,'Kura','zerg',NULL,NULL,1,18),(111,47,NULL,'DaRa','protoss',NULL,NULL,2,18),(112,47,NULL,'Jim','terran',NULL,NULL,2,18),(113,48,NULL,'MttN','terran',NULL,NULL,1,18),(114,48,NULL,'Kura','zerg',NULL,NULL,1,18),(115,48,NULL,'DaRa','protoss',NULL,NULL,2,18),(116,48,NULL,'Jim','terran',NULL,NULL,2,18),(117,49,3,'loveeyes','terran',NULL,NULL,1,19),(118,49,1,'AlepH','protoss',NULL,NULL,1,19),(119,49,NULL,'HaN','zerg',NULL,NULL,2,19),(120,49,NULL,'PiVoR','terran',NULL,NULL,2,19),(121,50,3,'loveeyes','terran',NULL,NULL,1,19),(122,50,1,'AlepH','protoss',NULL,NULL,1,19),(123,50,NULL,'HaN','zerg',NULL,NULL,2,19),(124,50,NULL,'PiVoR','terran',NULL,NULL,2,19),(125,51,NULL,'Lunatic','terran',NULL,NULL,1,1),(126,51,NULL,'RenZaN','zerg',NULL,NULL,2,1),(127,52,NULL,'Lunatic','terran',NULL,NULL,1,1),(128,52,NULL,'RenZaN','zerg',NULL,NULL,2,1),(129,53,NULL,'Lunatic','terran',NULL,NULL,1,1),(130,53,NULL,'RenZaN','zerg',NULL,NULL,2,1),(131,54,NULL,'MttN','terran',NULL,NULL,1,20),(132,54,NULL,'BOMBER','protoss',NULL,NULL,2,20),(133,55,NULL,'MttN','terran',NULL,NULL,1,20),(134,55,NULL,'BOMBER','protoss',NULL,NULL,2,20),(135,56,NULL,'swArm','terran',NULL,NULL,1,21),(136,56,NULL,'GKCDQ','protoss',NULL,NULL,2,21),(137,57,NULL,'swArm','terran',NULL,NULL,1,21),(138,57,NULL,'GKCDQ','protoss',NULL,NULL,2,21),(139,58,NULL,'swArm','terran',NULL,NULL,1,21),(140,58,NULL,'GKCDQ','protoss',NULL,NULL,2,21),(141,59,NULL,'Whiteman','terran',NULL,NULL,1,22),(142,59,NULL,'Ktn','random',NULL,NULL,2,22),(143,60,NULL,'Whiteman','terran',NULL,NULL,1,22),(144,60,NULL,'Ktn','random',NULL,NULL,2,22),(145,61,NULL,'Whiteman','terran',NULL,NULL,1,22),(146,61,NULL,'Ktn','random',NULL,NULL,2,22),(147,62,NULL,'mYst','random',NULL,NULL,1,23),(148,62,NULL,'Wrath','protoss',NULL,NULL,2,23),(149,63,NULL,'mYst','random',NULL,NULL,1,23),(150,63,NULL,'Wrath','protoss',NULL,NULL,2,23),(151,64,NULL,'BaGhLa','terran',NULL,NULL,1,1),(152,64,NULL,'MetalMaster','zerg',NULL,NULL,2,1),(153,65,NULL,'BaGhLa','terran',NULL,NULL,1,1),(154,65,NULL,'MetalMaster','zerg',NULL,NULL,2,1),(155,66,NULL,'Lunatic','terran',NULL,NULL,1,24),(156,66,NULL,'sMiLe','zerg',NULL,NULL,2,24),(157,67,NULL,'Lunatic','terran',NULL,NULL,1,24),(158,67,NULL,'sMiLe','zerg',NULL,NULL,2,24),(159,68,NULL,'Lunatic','terran',NULL,NULL,1,24),(160,68,NULL,'sMiLe','zerg',NULL,NULL,2,24),(161,69,NULL,'MttN','terran',NULL,NULL,1,25),(162,69,NULL,'Foumiz','protoss',NULL,NULL,2,25),(163,70,NULL,'MttN','terran',NULL,NULL,1,25),(164,70,NULL,'Foumiz','protoss',NULL,NULL,2,25),(165,71,NULL,'mYst','random',NULL,NULL,1,26),(166,71,NULL,'jakilau','terran',NULL,NULL,2,26),(167,72,NULL,'mYst','random',NULL,NULL,1,26),(168,72,NULL,'jakilau','terran',NULL,NULL,2,26),(169,73,NULL,'mYst','random',NULL,NULL,1,26),(170,73,NULL,'jakilau','terran',NULL,NULL,2,26),(171,74,NULL,'Milla','protoss',NULL,NULL,1,27),(172,74,NULL,'SalSal','terran',NULL,NULL,2,27),(173,75,NULL,'Milla','protoss',NULL,NULL,1,27),(174,75,NULL,'SalSal','terran',NULL,NULL,2,27),(175,76,NULL,'MttN','terran',NULL,NULL,1,28),(176,76,NULL,'mYst','random',NULL,NULL,1,28),(177,76,NULL,'HaN','zerg',NULL,NULL,2,28),(178,76,NULL,'PiVoR','terran',NULL,NULL,2,28),(179,77,NULL,'MttN','terran',NULL,NULL,1,28),(180,77,NULL,'mYst','random',NULL,NULL,1,28),(181,77,NULL,'HaN','zerg',NULL,NULL,2,28),(182,77,NULL,'PiVoR','terran',NULL,NULL,2,28),(183,78,NULL,'MttN','terran',NULL,NULL,1,28),(184,78,NULL,'mYst','random',NULL,NULL,1,28),(185,78,NULL,'HaN','zerg',NULL,NULL,2,28),(186,78,NULL,'PiVoR','terran',NULL,NULL,2,28),(187,79,NULL,'Bouh','protoss',NULL,NULL,1,29),(188,79,NULL,'Lapin','zerg',NULL,NULL,1,29),(189,79,NULL,'DaRa','protoss',NULL,NULL,2,29),(190,79,NULL,'boyyy','zerg',NULL,NULL,2,29),(191,80,NULL,'Bouh','protoss',NULL,NULL,1,29),(192,80,NULL,'Lapin','zerg',NULL,NULL,1,29),(193,80,NULL,'DaRa','protoss',NULL,NULL,2,29),(194,80,NULL,'boyyy','zerg',NULL,NULL,2,29),(195,81,NULL,'MttN','terran',NULL,NULL,1,1),(196,81,NULL,'MetalMaster','zerg',NULL,NULL,2,1),(197,82,NULL,'MttN','terran',NULL,NULL,1,1),(198,82,NULL,'MetalMaster','zerg',NULL,NULL,2,1),(199,83,NULL,'Bouh','protoss',NULL,NULL,1,30),(200,83,NULL,'boyyy','zerg',NULL,NULL,2,30),(201,84,NULL,'Bouh','protoss',NULL,NULL,1,30),(202,84,NULL,'boyyy','zerg',NULL,NULL,2,30),(203,85,NULL,'Lunatic','terran',NULL,NULL,1,31),(204,85,NULL,'jakilau','terran',NULL,NULL,2,31),(205,86,NULL,'Lunatic','terran',NULL,NULL,1,31),(206,86,NULL,'jakilau','terran',NULL,NULL,2,31),(207,87,NULL,'Clafter','terran',NULL,NULL,1,32),(208,87,NULL,'Foumiz','protoss',NULL,NULL,2,32),(209,88,NULL,'Clafter','terran',NULL,NULL,1,32),(210,88,NULL,'Foumiz','protoss',NULL,NULL,2,32),(211,89,NULL,'Clafter','protoss',NULL,NULL,1,33),(212,89,NULL,'BattleStad','zerg',NULL,NULL,1,33),(213,89,NULL,'DaRa','protoss',NULL,NULL,2,33),(214,89,NULL,'boyyy','zerg',NULL,NULL,2,33),(215,90,NULL,'Clafter','protoss',NULL,NULL,1,33),(216,90,NULL,'BattleStad','zerg',NULL,NULL,1,33),(217,90,NULL,'DaRa','protoss',NULL,NULL,2,33),(218,90,NULL,'boyyy','zerg',NULL,NULL,2,33),(219,91,NULL,'Kura','terran',NULL,NULL,1,34),(220,91,NULL,'yanhamu','protoss',NULL,NULL,2,34),(221,92,NULL,'Kura','terran',NULL,NULL,1,34),(222,92,NULL,'yanhamu','protoss',NULL,NULL,2,34),(223,93,NULL,'Kura','terran',NULL,NULL,1,34),(224,93,NULL,'yanhamu','protoss',NULL,NULL,2,34),(225,94,NULL,'BaGhLa','terran',NULL,NULL,1,35),(226,94,NULL,'SyDe','terran',NULL,NULL,2,35),(227,95,NULL,'BaGhLa','terran',NULL,NULL,1,35),(228,95,NULL,'SyDe','terran',NULL,NULL,2,35),(229,96,NULL,'MttN','terran',NULL,NULL,1,36),(230,96,NULL,'HPrime','terran',NULL,NULL,2,36),(231,97,NULL,'MttN','terran',NULL,NULL,1,36),(232,97,NULL,'HPrime','terran',NULL,NULL,2,36),(233,98,NULL,'Clafter','terran',NULL,NULL,1,37),(234,98,NULL,'Spaylz','protoss',NULL,NULL,2,37),(235,99,NULL,'Clafter','terran',NULL,NULL,1,37),(236,99,NULL,'Spaylz','protoss',NULL,NULL,2,37),(237,100,NULL,'BaGhLa','terran',NULL,NULL,1,38),(238,100,NULL,'Kura','zerg',NULL,NULL,1,38),(239,100,NULL,'SyDe','terran',NULL,NULL,2,38),(240,100,NULL,'Spaylz','protoss',NULL,NULL,2,38),(241,101,NULL,'BaGhLa','terran',NULL,NULL,1,38),(242,101,NULL,'Kura','zerg',NULL,NULL,1,38),(243,101,NULL,'SyDe','terran',NULL,NULL,2,38),(244,101,NULL,'Spaylz','protoss',NULL,NULL,2,38),(245,102,NULL,'BaGhLa','terran',NULL,NULL,1,2),(246,102,NULL,'Wallen','zerg',NULL,NULL,2,2),(247,103,NULL,'BaGhLa','terran',NULL,NULL,1,2),(248,103,NULL,'Wallen','zerg',NULL,NULL,2,2),(249,104,NULL,'RaptorS','protoss',NULL,NULL,1,39),(250,104,NULL,'Khoral','terran',NULL,NULL,2,39),(251,105,NULL,'RaptorS','protoss',NULL,NULL,1,39),(252,105,NULL,'Khoral','terran',NULL,NULL,2,39),(253,106,NULL,'RaptorS','protoss',NULL,NULL,1,39),(254,106,NULL,'Khoral','terran',NULL,NULL,2,39),(255,107,NULL,'nBSpOoN','protoss',NULL,NULL,1,40),(256,107,NULL,'AvenGeR','protoss',NULL,NULL,2,40),(257,108,NULL,'nBSpOoN','protoss',NULL,NULL,1,40),(258,108,NULL,'AvenGeR','protoss',NULL,NULL,2,40),(259,109,NULL,'nBSpOoN','protoss',NULL,NULL,1,40),(260,109,NULL,'AvenGeR','protoss',NULL,NULL,2,40),(261,110,NULL,'YoPYoP','protoss',NULL,NULL,1,41),(262,110,NULL,'AjiRa','zerg',NULL,NULL,2,41),(263,111,NULL,'YoPYoP','protoss',NULL,NULL,1,41),(264,111,NULL,'AjiRa','zerg',NULL,NULL,2,41),(265,112,NULL,'BaGhLa','terran',NULL,NULL,1,42),(266,112,NULL,'Kura','zerg',NULL,NULL,1,42),(267,112,NULL,'AvenGeR','protoss',NULL,NULL,2,42),(268,112,NULL,'AjiRa','zerg',NULL,NULL,2,42),(269,113,NULL,'BaGhLa','terran',NULL,NULL,1,42),(270,113,NULL,'Kura','zerg',NULL,NULL,1,42),(271,113,NULL,'AvenGeR','protoss',NULL,NULL,2,42),(272,113,NULL,'AjiRa','zerg',NULL,NULL,2,42),(273,114,NULL,'BaGhLa','terran',NULL,NULL,1,2),(274,114,NULL,'Sweety','protoss',NULL,NULL,2,2),(275,115,NULL,'BaGhLa','terran',NULL,NULL,1,2),(276,115,NULL,'Sweety','protoss',NULL,NULL,2,2),(277,116,3,'loveeyes','terran',NULL,NULL,1,43),(278,116,NULL,'Rasmuth','protoss',NULL,NULL,2,43),(279,117,3,'loveeyes','terran',NULL,NULL,1,43),(280,117,NULL,'Rasmuth','protoss',NULL,NULL,2,43),(281,118,NULL,'MttN','terran',NULL,NULL,1,44),(282,118,NULL,'Sangui','zerg',NULL,NULL,2,44),(283,119,NULL,'MttN','terran',NULL,NULL,1,44),(284,119,NULL,'Sangui','zerg',NULL,NULL,2,44),(285,120,NULL,'Clafter','terran',NULL,NULL,1,45),(286,120,NULL,'Tartiflette','terran',NULL,NULL,2,45),(287,121,NULL,'Clafter','terran',NULL,NULL,1,45),(288,121,NULL,'Tartiflette','terran',NULL,NULL,2,45),(289,122,NULL,'BaGhLa','terran',NULL,NULL,1,46),(290,122,NULL,'Kura','zerg',NULL,NULL,1,46),(291,122,NULL,'Sweety','protoss',NULL,NULL,2,46),(292,122,NULL,'Sangui','zerg',NULL,NULL,2,46),(293,123,NULL,'BaGhLa','terran',NULL,NULL,1,46),(294,123,NULL,'Kura','zerg',NULL,NULL,1,46),(295,123,NULL,'Sweety','protoss',NULL,NULL,2,46),(296,123,NULL,'Sangui','zerg',NULL,NULL,2,46),(297,124,NULL,'BaGhLa','terran',NULL,NULL,1,2),(298,124,NULL,'Jim','terran',NULL,NULL,2,2),(299,125,NULL,'BaGhLa','terran',NULL,NULL,1,2),(300,125,NULL,'Jim','terran',NULL,NULL,2,2),(301,126,NULL,'MttN','terran',NULL,NULL,1,47),(302,126,NULL,'ZerGo','zerg',NULL,NULL,2,47),(303,127,NULL,'MttN','terran',NULL,NULL,1,47),(304,127,NULL,'ZerGo','zerg',NULL,NULL,2,47),(305,128,NULL,'YoPYoP','protoss',NULL,NULL,1,48),(306,128,NULL,'jerome','protoss',NULL,NULL,2,48),(307,129,NULL,'YoPYoP','protoss',NULL,NULL,1,48),(308,129,NULL,'jerome','protoss',NULL,NULL,2,48),(309,130,NULL,'Clafter','terran',NULL,NULL,1,49),(310,130,NULL,'Osgiliath','zerg',NULL,NULL,2,49),(311,131,NULL,'Clafter','terran',NULL,NULL,1,49),(312,131,NULL,'Osgiliath','zerg',NULL,NULL,2,49),(313,132,NULL,'BaGhLa','terran',NULL,NULL,1,50),(314,132,NULL,'Kura','zerg',NULL,NULL,1,50),(315,132,NULL,'Han','protoss',NULL,NULL,2,50),(316,132,NULL,'PiVoR','terran',NULL,NULL,2,50),(317,133,NULL,'BaGhLa','terran',NULL,NULL,1,50),(318,133,NULL,'Kura','zerg',NULL,NULL,1,50),(319,133,NULL,'Han','protoss',NULL,NULL,2,50),(320,133,NULL,'PiVoR','terran',NULL,NULL,2,50),(321,134,NULL,'BaGhLa','terran',NULL,NULL,1,2),(322,134,NULL,'Tevou','terran',NULL,NULL,2,2),(323,135,NULL,'BaGhLa','terran',NULL,NULL,1,2),(324,135,NULL,'Tevou','terran',NULL,NULL,2,2),(325,136,NULL,'MttN','terran',NULL,NULL,1,51),(326,136,NULL,'Fyl','zerg',NULL,NULL,2,51),(327,137,NULL,'MttN','terran',NULL,NULL,1,51),(328,137,NULL,'Fyl','zerg',NULL,NULL,2,51),(329,138,3,'loveeyes','terran',NULL,NULL,1,52),(330,138,NULL,'ChrisC','terran',NULL,NULL,2,52),(331,139,3,'loveeyes','terran',NULL,NULL,1,52),(332,139,NULL,'ChrisC','terran',NULL,NULL,2,52),(333,140,NULL,'nBLiO','zerg',NULL,NULL,1,53),(334,140,NULL,'sendozzz','protoss',NULL,NULL,2,53),(335,141,NULL,'nBLiO','zerg',NULL,NULL,1,53),(336,141,NULL,'sendozzz','protoss',NULL,NULL,2,53),(337,142,NULL,'nBLiO','zerg',NULL,NULL,1,53),(338,142,NULL,'sendozzz','protoss',NULL,NULL,2,53),(339,143,3,'loveeyes','terran',NULL,NULL,1,54),(340,143,NULL,'MttN','terran',NULL,NULL,1,54),(341,143,NULL,'sendozzz','protoss',NULL,NULL,2,54),(342,143,NULL,'ChrisC','terran',NULL,NULL,2,54),(343,144,3,'loveeyes','terran',NULL,NULL,1,54),(344,144,NULL,'MttN','terran',NULL,NULL,1,54),(345,144,NULL,'sendozzz','protoss',NULL,NULL,2,54),(346,144,NULL,'ChrisC','terran',NULL,NULL,2,54),(347,145,NULL,'MttN','terran',NULL,NULL,1,2),(348,145,NULL,'Zym','protoss',NULL,NULL,2,2),(349,146,NULL,'MttN','terran',NULL,NULL,1,2),(350,146,NULL,'Zym','protoss',NULL,NULL,2,2),(351,147,3,'loveeyes','terran',NULL,NULL,1,55),(352,147,NULL,'Fyl','terran',NULL,NULL,2,55),(353,148,3,'loveeyes','terran',NULL,NULL,1,55),(354,148,NULL,'Fyl','terran',NULL,NULL,2,55),(355,149,3,'loveeyes','terran',NULL,NULL,1,55),(356,149,NULL,'Fyl','terran',NULL,NULL,2,55),(357,150,NULL,'Clafter','terran',NULL,NULL,1,56),(358,150,NULL,'MaSteR','protoss',NULL,NULL,2,56),(359,151,NULL,'Clafter','terran',NULL,NULL,1,56),(360,151,NULL,'MaSteR','protoss',NULL,NULL,2,56),(361,152,NULL,'Clafter','terran',NULL,NULL,1,56),(362,152,NULL,'MaSteR','protoss',NULL,NULL,2,56),(363,153,NULL,'Naudar','random',NULL,NULL,1,57),(364,153,NULL,'MysTfaN','protoss',NULL,NULL,2,57),(365,154,NULL,'Naudar','random',NULL,NULL,1,57),(366,154,NULL,'MysTfaN','protoss',NULL,NULL,2,57),(367,155,NULL,'Naudar','random',NULL,NULL,1,57),(368,155,NULL,'MysTfaN','protoss',NULL,NULL,2,57),(369,156,3,'loveeyes','terran',NULL,NULL,1,58),(370,156,NULL,'Clafter','terran',NULL,NULL,1,58),(371,156,NULL,'NewEra','protoss',NULL,NULL,2,58),(372,156,NULL,'Heaven','zerg',NULL,NULL,2,58),(373,157,3,'loveeyes','terran',NULL,NULL,1,58),(374,157,NULL,'Clafter','terran',NULL,NULL,1,58),(375,157,NULL,'NewEra','protoss',NULL,NULL,2,58),(376,157,NULL,'Heaven','zerg',NULL,NULL,2,58),(377,158,NULL,'MttN','terran',NULL,NULL,1,2),(378,158,NULL,'Oseam','protoss',NULL,NULL,2,2),(379,159,NULL,'MttN','terran',NULL,NULL,1,2),(380,159,NULL,'Oseam','protoss',NULL,NULL,2,2),(381,160,3,'loveeyes','terran',NULL,NULL,1,59),(382,160,NULL,'Madman','terran',NULL,NULL,2,59),(383,161,3,'loveeyes','terran',NULL,NULL,1,59),(384,161,NULL,'Madman','terran',NULL,NULL,2,59),(385,162,NULL,'Clafter','terran',NULL,NULL,1,60),(386,162,NULL,'Raymonde','terran',NULL,NULL,2,60),(387,163,NULL,'Clafter','terran',NULL,NULL,1,60),(388,163,NULL,'Raymonde','terran',NULL,NULL,2,60),(389,164,NULL,'mYst','random',NULL,NULL,1,61),(390,164,NULL,'Zeuhl','protoss',NULL,NULL,2,61),(391,165,NULL,'mYst','random',NULL,NULL,1,61),(392,165,NULL,'Zeuhl','protoss',NULL,NULL,2,61),(393,166,3,'loveeyes','terran',NULL,NULL,1,62),(394,166,NULL,'Clafter','terran',NULL,NULL,1,62),(395,166,NULL,'Thad','protoss',NULL,NULL,2,62),(396,166,NULL,'Seno','terran',NULL,NULL,2,62),(397,167,3,'loveeyes','terran',NULL,NULL,1,62),(398,167,NULL,'Clafter','terran',NULL,NULL,1,62),(399,167,NULL,'Thad','protoss',NULL,NULL,2,62),(400,167,NULL,'Seno','terran',NULL,NULL,2,62),(401,168,NULL,'Clafter','terran',NULL,NULL,1,2),(402,168,NULL,'Eboceixa','protoss',NULL,NULL,2,2),(403,169,NULL,'Clafter','terran',NULL,NULL,1,2),(404,169,NULL,'Eboceixa','protoss',NULL,NULL,2,2),(405,170,NULL,'Clafter','terran',NULL,NULL,1,2),(406,170,NULL,'Eboceixa','protoss',NULL,NULL,2,2),(407,171,3,'loveeyes','terran',NULL,NULL,1,63),(408,171,NULL,'BEPChomage','zerg',NULL,NULL,2,63),(409,172,3,'loveeyes','terran',NULL,NULL,1,63),(410,172,NULL,'BEPChomage','zerg',NULL,NULL,2,63),(411,173,NULL,'MttN','terran',NULL,NULL,1,64),(412,173,NULL,'niilzon','protoss',NULL,NULL,2,64),(413,174,NULL,'MttN','terran',NULL,NULL,1,64),(414,174,NULL,'niilzon','protoss',NULL,NULL,2,64),(415,175,NULL,'Pepem','zerg',NULL,NULL,1,65),(416,175,NULL,'Taupinambour','terran',NULL,NULL,2,65),(417,176,NULL,'Pepem','zerg',NULL,NULL,1,65),(418,176,NULL,'Taupinambour','terran',NULL,NULL,2,65),(419,177,3,'loveeyes','terran',NULL,NULL,1,66),(420,177,NULL,'MttN','terran',NULL,NULL,1,66),(421,177,NULL,'niilzon','protoss',NULL,NULL,2,66),(422,177,NULL,'Oodgeroo','zerg',NULL,NULL,2,66),(423,178,3,'loveeyes','terran',NULL,NULL,1,66),(424,178,NULL,'MttN','terran',NULL,NULL,1,66),(425,178,NULL,'niilzon','protoss',NULL,NULL,2,66),(426,178,NULL,'Oodgeroo','zerg',NULL,NULL,2,66),(427,179,NULL,'Clafter','terran',NULL,NULL,1,2),(428,179,NULL,'Rowa','terran',NULL,NULL,2,2),(429,180,NULL,'Clafter','terran',NULL,NULL,1,2),(430,180,NULL,'Rowa','terran',NULL,NULL,2,2),(431,181,3,'loveeyes','terran',NULL,NULL,1,67),(432,181,NULL,'GGs','terran',NULL,NULL,2,67),(433,182,3,'loveeyes','terran',NULL,NULL,1,67),(434,182,NULL,'GGs','terran',NULL,NULL,2,67),(435,183,3,'loveeyes','terran',NULL,NULL,1,67),(436,183,NULL,'GGs','terran',NULL,NULL,2,67),(437,184,NULL,'MttN','terran',NULL,NULL,1,68),(438,184,NULL,'Kanon','terran',NULL,NULL,2,68),(439,185,NULL,'MttN','terran',NULL,NULL,1,68),(440,185,NULL,'Kanon','terran',NULL,NULL,2,68),(441,186,NULL,'Pepem','zerg',NULL,NULL,1,69),(442,186,NULL,'Foumiz','protoss',NULL,NULL,2,69),(443,187,NULL,'Pepem','zerg',NULL,NULL,1,69),(444,187,NULL,'Foumiz','protoss',NULL,NULL,2,69),(445,188,NULL,'Pepem','zerg',NULL,NULL,1,69),(446,188,NULL,'Foumiz','protoss',NULL,NULL,2,69),(447,189,3,'loveeyes','terran',NULL,NULL,1,70),(448,189,NULL,'Clafter','terran',NULL,NULL,1,70),(449,189,NULL,'Foumiz','protoss',NULL,NULL,2,70),(450,189,NULL,'GGs','terran',NULL,NULL,2,70),(451,190,3,'loveeyes','terran',NULL,NULL,1,70),(452,190,NULL,'Clafter','terran',NULL,NULL,1,70),(453,190,NULL,'Foumiz','protoss',NULL,NULL,2,70),(454,190,NULL,'GGs','terran',NULL,NULL,2,70),(455,191,NULL,'MttN','terran',NULL,NULL,1,71),(456,191,NULL,'Tempest','protoss',NULL,NULL,2,71),(457,192,NULL,'MttN','terran',NULL,NULL,1,71),(458,192,NULL,'Tempest','protoss',NULL,NULL,2,71),(459,193,NULL,'MttN','terran',NULL,NULL,1,71),(460,193,NULL,'Tempest','protoss',NULL,NULL,2,71),(461,194,3,'loveeyes','terran',NULL,NULL,1,72),(462,194,NULL,'Shizanu','zerg',NULL,NULL,2,72),(463,195,3,'loveeyes','terran',NULL,NULL,1,72),(464,195,NULL,'Shizanu','zerg',NULL,NULL,2,72),(465,196,NULL,'Clafter','terran',NULL,NULL,1,73),(466,196,NULL,'RokuWa','terran',NULL,NULL,2,73),(467,197,NULL,'Clafter','terran',NULL,NULL,1,73),(468,197,NULL,'RokuWa','terran',NULL,NULL,2,73),(469,198,NULL,'YoPYoP','terran',NULL,NULL,1,74),(470,198,NULL,'Dexxer','protoss',NULL,NULL,2,74),(471,199,NULL,'YoPYoP','terran',NULL,NULL,1,74),(472,199,NULL,'Dexxer','protoss',NULL,NULL,2,74),(473,200,NULL,'YoPYoP','terran',NULL,NULL,1,74),(474,200,NULL,'Dexxer','protoss',NULL,NULL,2,74),(475,201,NULL,'Clafter','terran',NULL,NULL,1,75),(476,201,3,'loveeyes','terran',NULL,NULL,1,75),(477,201,NULL,'Dexxer','protoss',NULL,NULL,2,75),(478,201,NULL,'RokuWa','terran',NULL,NULL,2,75),(479,202,NULL,'Clafter','terran',NULL,NULL,1,75),(480,202,3,'loveeyes','terran',NULL,NULL,1,75),(481,202,NULL,'Dexxer','protoss',NULL,NULL,2,75),(482,202,NULL,'RokuWa','terran',NULL,NULL,2,75),(483,203,NULL,'BaGhLa','terran',NULL,NULL,1,76),(484,203,NULL,'Kura','zerg',NULL,NULL,1,76),(485,203,NULL,'Tempest','protoss',NULL,NULL,2,76),(486,203,NULL,'Shizanu','zerg',NULL,NULL,2,76),(487,204,NULL,'BaGhLa','terran',NULL,NULL,1,76),(488,204,NULL,'Kura','zerg',NULL,NULL,1,76),(489,204,NULL,'Tempest','protoss',NULL,NULL,2,76),(490,204,NULL,'Shizanu','zerg',NULL,NULL,2,76),(491,205,NULL,'MttN','terran',NULL,NULL,1,3),(492,205,NULL,'KyRoN','protoss',NULL,NULL,2,3),(493,206,NULL,'MttN','terran',NULL,NULL,1,3),(494,206,NULL,'KyRoN','protoss',NULL,NULL,2,3),(495,207,3,'loveeyes','terran',NULL,NULL,1,77),(496,207,NULL,'fiDZz','protoss',NULL,NULL,2,77),(497,208,3,'loveeyes','terran',NULL,NULL,1,77),(498,208,NULL,'fiDZz','protoss',NULL,NULL,2,77),(499,209,NULL,'Kura','terran',NULL,NULL,1,78),(500,209,NULL,'OthUnKnown','terran',NULL,NULL,2,78),(501,210,NULL,'Kura','terran',NULL,NULL,1,78),(502,210,NULL,'OthUnKnown','terran',NULL,NULL,2,78),(503,211,NULL,'Kura','terran',NULL,NULL,1,78),(504,211,NULL,'OthUnKnown','terran',NULL,NULL,2,78),(505,212,NULL,'nBLiO','zerg',NULL,NULL,1,79),(506,212,NULL,'Silver','terran',NULL,NULL,2,79),(507,213,NULL,'nBLiO','zerg',NULL,NULL,1,79),(508,213,NULL,'Silver','terran',NULL,NULL,2,79),(509,214,NULL,'BaGhLa','terran',NULL,NULL,1,80),(510,214,NULL,'Kura','zerg',NULL,NULL,1,80),(511,214,NULL,'fiDZz','protoss',NULL,NULL,2,80),(512,214,NULL,'OthUnKnown','terran',NULL,NULL,2,80),(513,215,NULL,'BaGhLa','terran',NULL,NULL,1,80),(514,215,NULL,'Kura','zerg',NULL,NULL,1,80),(515,215,NULL,'fiDZz','protoss',NULL,NULL,2,80),(516,215,NULL,'OthUnKnown','terran',NULL,NULL,2,80),(517,216,NULL,'BaGhLa','terran',NULL,NULL,1,80),(518,216,NULL,'Kura','zerg',NULL,NULL,1,80),(519,216,NULL,'fiDZz','protoss',NULL,NULL,2,80),(520,216,NULL,'OthUnKnown','terran',NULL,NULL,2,80),(521,217,NULL,'MttN','terran',NULL,NULL,1,81),(522,217,3,'loveeyes','terran',NULL,NULL,1,81),(523,217,NULL,'KyRoN','protoss',NULL,NULL,2,81),(524,217,NULL,'Silver','terran',NULL,NULL,2,81),(525,218,NULL,'MttN','terran',NULL,NULL,1,81),(526,218,3,'loveeyes','terran',NULL,NULL,1,81),(527,218,NULL,'KyRoN','protoss',NULL,NULL,2,81),(528,218,NULL,'Silver','terran',NULL,NULL,2,81),(529,219,NULL,'Clafter','terran',NULL,NULL,1,3),(530,219,NULL,'Thorgrim','terran',NULL,NULL,2,3),(531,220,NULL,'Clafter','terran',NULL,NULL,1,3),(532,220,NULL,'Thorgrim','terran',NULL,NULL,2,3),(533,221,NULL,'BaGhLa','terran',NULL,NULL,1,82),(534,221,NULL,'Erlingho','terran',NULL,NULL,2,82),(535,222,NULL,'BaGhLa','terran',NULL,NULL,1,82),(536,222,NULL,'Erlingho','terran',NULL,NULL,2,82),(537,223,NULL,'RaptorS','protoss',NULL,NULL,1,83),(538,223,NULL,'Meltzy','zerg',NULL,NULL,2,83),(539,224,NULL,'RaptorS','protoss',NULL,NULL,1,83),(540,224,NULL,'Meltzy','zerg',NULL,NULL,2,83),(541,225,NULL,'Kura','terran',NULL,NULL,1,84),(542,225,NULL,'Richy','protoss',NULL,NULL,2,84),(543,226,NULL,'Kura','terran',NULL,NULL,1,84),(544,226,NULL,'Richy','protoss',NULL,NULL,2,84),(545,227,NULL,'Kura','terran',NULL,NULL,1,84),(546,227,NULL,'Richy','protoss',NULL,NULL,2,84),(547,228,NULL,'Clafter','terran',NULL,NULL,1,85),(548,228,3,'loveeyes','terran',NULL,NULL,1,85),(549,228,NULL,'Metalon','protoss',NULL,NULL,2,85),(550,228,NULL,'Meltzy','zerg',NULL,NULL,2,85),(551,229,NULL,'Clafter','terran',NULL,NULL,1,85),(552,229,3,'loveeyes','terran',NULL,NULL,1,85),(553,229,NULL,'Metalon','protoss',NULL,NULL,2,85),(554,229,NULL,'Meltzy','zerg',NULL,NULL,2,85),(555,230,NULL,'BaGhLa','terran',NULL,NULL,1,86),(556,230,NULL,'Kura','zerg',NULL,NULL,1,86),(557,230,NULL,'Richy','protoss',NULL,NULL,2,86),(558,230,NULL,'Knutzy','protoss',NULL,NULL,2,86),(559,231,NULL,'BaGhLa','terran',NULL,NULL,1,86),(560,231,NULL,'Kura','zerg',NULL,NULL,1,86),(561,231,NULL,'Richy','protoss',NULL,NULL,2,86),(562,231,NULL,'Knutzy','protoss',NULL,NULL,2,86),(563,232,NULL,'Pepem','zerg',NULL,NULL,1,3),(564,232,NULL,'Newman','terran',NULL,NULL,2,3),(565,233,NULL,'Pepem','zerg',NULL,NULL,1,3),(566,233,NULL,'Newman','terran',NULL,NULL,2,3),(567,234,3,'loveeyes','terran',NULL,NULL,1,87),(568,234,NULL,'Gremlino','terran',NULL,NULL,2,87),(569,235,3,'loveeyes','terran',NULL,NULL,1,87),(570,235,NULL,'Gremlino','terran',NULL,NULL,2,87),(571,236,3,'loveeyes','terran',NULL,NULL,1,87),(572,236,NULL,'Gremlino','terran',NULL,NULL,2,87),(573,237,NULL,'nBLiO','zerg',NULL,NULL,1,88),(574,237,NULL,'nae','protoss',NULL,NULL,2,88),(575,238,NULL,'nBLiO','zerg',NULL,NULL,1,88),(576,238,NULL,'nae','protoss',NULL,NULL,2,88),(577,239,NULL,'Kura','random',NULL,NULL,1,89),(578,239,NULL,'Wuuuuwup','terran',NULL,NULL,2,89),(579,240,NULL,'Kura','random',NULL,NULL,1,89),(580,240,NULL,'Wuuuuwup','terran',NULL,NULL,2,89),(581,241,NULL,'nBLiO','zerg',NULL,NULL,1,90),(582,241,NULL,'Kura','terran',NULL,NULL,1,90),(583,241,NULL,'nae','protoss',NULL,NULL,2,90),(584,241,NULL,'Gremlino','terran',NULL,NULL,2,90),(585,242,NULL,'nBLiO','zerg',NULL,NULL,1,90),(586,242,NULL,'Kura','terran',NULL,NULL,1,90),(587,242,NULL,'nae','protoss',NULL,NULL,2,90),(588,242,NULL,'Gremlino','terran',NULL,NULL,2,90),(589,243,NULL,'mYst','random',NULL,NULL,1,91),(590,243,NULL,'Acid','protoss',NULL,NULL,1,91),(591,243,NULL,'Nuramon','protoss',NULL,NULL,2,91),(592,243,NULL,'Newman','terran',NULL,NULL,2,91),(593,244,NULL,'mYst','random',NULL,NULL,1,91),(594,244,NULL,'Acid','protoss',NULL,NULL,1,91),(595,244,NULL,'Nuramon','protoss',NULL,NULL,2,91),(596,244,NULL,'Newman','terran',NULL,NULL,2,91),(597,245,NULL,'Acid','protoss',NULL,NULL,1,3),(598,245,NULL,'EvilRine','terran',NULL,NULL,2,3),(599,246,NULL,'Acid','protoss',NULL,NULL,1,3),(600,246,NULL,'EvilRine','terran',NULL,NULL,2,3),(601,247,3,'loveeyes','terran',NULL,NULL,1,92),(602,247,NULL,'Sheeperich','zerg',NULL,NULL,2,92),(603,248,3,'loveeyes','terran',NULL,NULL,1,92),(604,248,NULL,'Sheeperich','zerg',NULL,NULL,2,92),(605,249,NULL,'Clafter','terran',NULL,NULL,1,93),(606,249,NULL,'selti','protoss',NULL,NULL,2,93),(607,250,NULL,'Clafter','terran',NULL,NULL,1,93),(608,250,NULL,'selti','protoss',NULL,NULL,2,93),(609,251,NULL,'mYst','random',NULL,NULL,1,94),(610,251,NULL,'LukeEndMint','zerg',NULL,NULL,2,94),(611,252,NULL,'mYst','random',NULL,NULL,1,94),(612,252,NULL,'LukeEndMint','zerg',NULL,NULL,2,94),(613,253,NULL,'Clafter','terran',NULL,NULL,1,95),(614,253,3,'loveeyes','terran',NULL,NULL,1,95),(615,253,NULL,'Sheeperich','zerg',NULL,NULL,2,95),(616,253,NULL,'LukeEndMint','zerg',NULL,NULL,2,95),(617,254,NULL,'Clafter','terran',NULL,NULL,1,95),(618,254,3,'loveeyes','terran',NULL,NULL,1,95),(619,254,NULL,'Sheeperich','zerg',NULL,NULL,2,95),(620,254,NULL,'LukeEndMint','zerg',NULL,NULL,2,95),(621,255,NULL,'mYst','random',NULL,NULL,1,96),(622,255,NULL,'Acid','protoss',NULL,NULL,1,96),(623,255,NULL,'EvilRine','terran',NULL,NULL,2,96),(624,255,NULL,'SaTe','zerg',NULL,NULL,2,96),(625,256,NULL,'mYst','random',NULL,NULL,1,96),(626,256,NULL,'Acid','protoss',NULL,NULL,1,96),(627,256,NULL,'EvilRine','terran',NULL,NULL,2,96),(628,256,NULL,'SaTe','zerg',NULL,NULL,2,96),(629,257,NULL,'Clafter','terran',NULL,NULL,1,97),(630,257,NULL,'Feast','protoss',NULL,NULL,2,97),(631,258,NULL,'Clafter','terran',NULL,NULL,1,97),(632,258,NULL,'Feast','protoss',NULL,NULL,2,97),(633,259,NULL,'Clafter','terran',NULL,NULL,1,97),(634,259,NULL,'Feast','protoss',NULL,NULL,2,97),(635,260,NULL,'MttN','terran',NULL,NULL,1,98),(636,260,NULL,'BeNSeN','zerg',NULL,NULL,2,98),(637,261,NULL,'MttN','terran',NULL,NULL,1,98),(638,261,NULL,'BeNSeN','zerg',NULL,NULL,2,98),(639,262,NULL,'BaGhLa','terran',NULL,NULL,1,99),(640,262,NULL,'Cosmos','terran',NULL,NULL,2,99),(641,263,NULL,'BaGhLa','terran',NULL,NULL,1,99),(642,263,NULL,'Cosmos','terran',NULL,NULL,2,99),(643,264,NULL,'MttN','terran',NULL,NULL,1,4),(644,264,NULL,'Didzz','protoss',NULL,NULL,2,4),(645,265,NULL,'MttN','terran',NULL,NULL,1,4),(646,265,NULL,'Didzz','protoss',NULL,NULL,2,4),(647,266,NULL,'Clafter','terran',NULL,NULL,1,100),(648,266,NULL,'Hysteria','zerg',NULL,NULL,2,100),(649,267,NULL,'Clafter','terran',NULL,NULL,1,100),(650,267,NULL,'Hysteria','zerg',NULL,NULL,2,100),(651,268,NULL,'YoPYoP','protoss',NULL,NULL,1,101),(652,268,NULL,'SeaW','protoss',NULL,NULL,2,101),(653,269,NULL,'YoPYoP','protoss',NULL,NULL,1,101),(654,269,NULL,'SeaW','protoss',NULL,NULL,2,101),(655,270,NULL,'Pepem','zerg',NULL,NULL,1,102),(656,270,NULL,'Qwerty','zerg',NULL,NULL,2,102),(657,271,NULL,'Pepem','zerg',NULL,NULL,1,102),(658,271,NULL,'Qwerty','zerg',NULL,NULL,2,102),(659,272,NULL,'Pepem','zerg',NULL,NULL,1,102),(660,272,NULL,'Qwerty','zerg',NULL,NULL,2,102),(661,273,NULL,'Clafter','terran',NULL,NULL,1,103),(662,273,NULL,'MttN','terran',NULL,NULL,1,103),(663,273,NULL,'Didzz','protoss',NULL,NULL,2,103),(664,273,NULL,'Qwerty','zerg',NULL,NULL,2,103),(665,274,NULL,'Clafter','terran',NULL,NULL,1,103),(666,274,NULL,'MttN','terran',NULL,NULL,1,103),(667,274,NULL,'Didzz','protoss',NULL,NULL,2,103),(668,274,NULL,'Qwerty','zerg',NULL,NULL,2,103),(669,275,NULL,'Bouh','protoss',NULL,NULL,1,4),(670,275,NULL,'Arca','protoss',NULL,NULL,2,4),(671,276,NULL,'Bouh','protoss',NULL,NULL,1,4),(672,276,NULL,'Arca','protoss',NULL,NULL,2,4),(673,277,NULL,'Bouh','protoss',NULL,NULL,1,4),(674,277,NULL,'Arca','protoss',NULL,NULL,2,4),(675,278,NULL,'Clafter','terran',NULL,NULL,1,104),(676,278,NULL,'Velith','terran',NULL,NULL,2,104),(677,279,NULL,'Clafter','terran',NULL,NULL,1,104),(678,279,NULL,'Velith','terran',NULL,NULL,2,104),(679,280,NULL,'beerwithme','zerg',NULL,NULL,1,105),(680,280,NULL,'NiFi','random',NULL,NULL,2,105),(681,281,NULL,'beerwithme','zerg',NULL,NULL,1,105),(682,281,NULL,'NiFi','random',NULL,NULL,2,105),(683,282,NULL,'beerwithme','zerg',NULL,NULL,1,105),(684,282,NULL,'NiFi','random',NULL,NULL,2,105),(685,283,NULL,'Pepem','zerg',NULL,NULL,1,106),(686,283,NULL,'JeremGS','protoss',NULL,NULL,2,106),(687,284,NULL,'Pepem','zerg',NULL,NULL,1,106),(688,284,NULL,'JeremGS','protoss',NULL,NULL,2,106),(689,285,NULL,'Pepem','zerg',NULL,NULL,1,106),(690,285,NULL,'JeremGS','protoss',NULL,NULL,2,106),(691,286,NULL,'Clafter','terran',NULL,NULL,1,107),(692,286,3,'loveeyes','terran',NULL,NULL,1,107),(693,286,NULL,'KoDeNi','protoss',NULL,NULL,2,107),(694,286,NULL,'Velith','terran',NULL,NULL,2,107),(695,287,NULL,'Clafter','terran',NULL,NULL,1,107),(696,287,3,'loveeyes','terran',NULL,NULL,1,107),(697,287,NULL,'KoDeNi','protoss',NULL,NULL,2,107),(698,287,NULL,'Velith','terran',NULL,NULL,2,107),(699,288,NULL,'Bouh','protoss',NULL,NULL,1,4),(700,288,NULL,'Cosmos','terran',NULL,NULL,2,4),(701,289,NULL,'Bouh','protoss',NULL,NULL,1,4),(702,289,NULL,'Cosmos','terran',NULL,NULL,2,4),(703,290,NULL,'Clafter','terran',NULL,NULL,1,108),(704,290,NULL,'AbY','zerg',NULL,NULL,2,108),(705,291,NULL,'Clafter','terran',NULL,NULL,1,108),(706,291,NULL,'AbY','zerg',NULL,NULL,2,108),(707,292,NULL,'Clafter','terran',NULL,NULL,1,108),(708,292,NULL,'AbY','zerg',NULL,NULL,2,108),(709,293,NULL,'beerwithme','zerg',NULL,NULL,1,109),(710,293,NULL,'BiGuP','terran',NULL,NULL,2,109),(711,294,NULL,'beerwithme','zerg',NULL,NULL,1,109),(712,294,NULL,'BiGuP','terran',NULL,NULL,2,109),(713,295,NULL,'Pepem','zerg',NULL,NULL,1,110),(714,295,NULL,'MaSter','protoss',NULL,NULL,2,110),(715,296,NULL,'Pepem','zerg',NULL,NULL,1,110),(716,296,NULL,'MaSter','protoss',NULL,NULL,2,110),(717,297,NULL,'Pepem','zerg',NULL,NULL,1,110),(718,297,NULL,'MaSter','protoss',NULL,NULL,2,110),(719,298,NULL,'Clafter','terran',NULL,NULL,1,111),(720,298,3,'loveeyes','terran',NULL,NULL,1,111),(721,298,NULL,'AbY','zerg',NULL,NULL,2,111),(722,298,NULL,'Cosmos','terran',NULL,NULL,2,111),(723,299,NULL,'Clafter','terran',NULL,NULL,1,111),(724,299,3,'loveeyes','terran',NULL,NULL,1,111),(725,299,NULL,'AbY','zerg',NULL,NULL,2,111),(726,299,NULL,'Cosmos','terran',NULL,NULL,2,111),(727,300,NULL,'Bouh','protoss',NULL,NULL,1,4),(728,300,NULL,'KeYsEr','zerg',NULL,NULL,2,4),(729,301,NULL,'Bouh','protoss',NULL,NULL,1,4),(730,301,NULL,'KeYsEr','zerg',NULL,NULL,2,4),(731,302,NULL,'Clafter','terran',NULL,NULL,1,112),(732,302,NULL,'ShuttleS','zerg',NULL,NULL,2,112),(733,303,NULL,'Clafter','terran',NULL,NULL,1,112),(734,303,NULL,'ShuttleS','zerg',NULL,NULL,2,112),(735,304,NULL,'Clafter','terran',NULL,NULL,1,112),(736,304,NULL,'ShuttleS','zerg',NULL,NULL,2,112),(737,305,NULL,'Naudar','zerg',NULL,NULL,1,113),(738,305,NULL,'Ptak','zerg',NULL,NULL,2,113),(739,306,NULL,'Naudar','zerg',NULL,NULL,1,113),(740,306,NULL,'Ptak','zerg',NULL,NULL,2,113),(741,307,NULL,'Pepem','zerg',NULL,NULL,1,114),(742,307,NULL,'ManneR','zerg',NULL,NULL,2,114),(743,308,NULL,'Pepem','zerg',NULL,NULL,1,114),(744,308,NULL,'ManneR','zerg',NULL,NULL,2,114),(745,309,NULL,'Clafter','terran',NULL,NULL,1,115),(746,309,3,'loveeyes','terran',NULL,NULL,1,115),(747,309,NULL,'KeYsEr','zerg',NULL,NULL,2,115),(748,309,NULL,'cymp','protoss',NULL,NULL,2,115),(749,3,NULL,'Clafter','terran',NULL,NULL,1,115),(750,3,3,'loveeyes','terran',NULL,NULL,1,115),(751,3,NULL,'KeYsEr','zerg',NULL,NULL,2,115),(752,3,NULL,'cymp','protoss',NULL,NULL,2,115),(753,310,NULL,'Clafter','terran',NULL,NULL,1,4),(754,310,NULL,'Rasmuth','protoss',NULL,NULL,2,4),(755,311,NULL,'Clafter','terran',NULL,NULL,1,4),(756,311,NULL,'Rasmuth','protoss',NULL,NULL,2,4),(757,312,NULL,'Clafter','terran',NULL,NULL,1,4),(758,312,NULL,'Rasmuth','protoss',NULL,NULL,2,4),(759,313,NULL,'beerwithme','zerg',NULL,NULL,1,116),(760,313,NULL,'Sangui','zerg',NULL,NULL,2,116),(761,314,NULL,'beerwithme','zerg',NULL,NULL,1,116),(762,314,NULL,'Sangui','zerg',NULL,NULL,2,116),(763,315,NULL,'Pepem','zerg',NULL,NULL,1,117),(764,315,NULL,'Sweety','protoss',NULL,NULL,2,117),(765,316,NULL,'Pepem','zerg',NULL,NULL,1,117),(766,316,NULL,'Sweety','protoss',NULL,NULL,2,117),(767,317,NULL,'Pepem','zerg',NULL,NULL,1,117),(768,317,NULL,'Sweety','protoss',NULL,NULL,2,117),(769,318,NULL,'Bouh','protoss',NULL,NULL,1,118),(770,318,NULL,'Tartiflette','terran',NULL,NULL,2,118),(771,319,NULL,'Bouh','protoss',NULL,NULL,1,118),(772,319,NULL,'Tartiflette','terran',NULL,NULL,2,118),(773,320,NULL,'Clafter','terran',NULL,NULL,1,119),(774,320,3,'loveeyes','terran',NULL,NULL,1,119),(775,320,NULL,'Sangui','zerg',NULL,NULL,2,119),(776,320,NULL,'Sweety','protoss',NULL,NULL,2,119),(777,321,NULL,'Clafter','terran',NULL,NULL,1,119),(778,321,3,'loveeyes','terran',NULL,NULL,1,119),(779,321,NULL,'Sangui','zerg',NULL,NULL,2,119),(780,321,NULL,'Sweety','protoss',NULL,NULL,2,119),(781,322,NULL,'beerwithme','zerg',NULL,NULL,1,4),(782,322,NULL,'Lidwyn','terran',NULL,NULL,2,4),(783,323,NULL,'beerwithme','zerg',NULL,NULL,1,4),(784,323,NULL,'Lidwyn','terran',NULL,NULL,2,4),(785,3,NULL,'Clafter','terran',NULL,NULL,1,120),(786,3,NULL,'Tarki','zerg',NULL,NULL,2,120),(787,324,NULL,'Clafter','terran',NULL,NULL,1,120),(788,324,NULL,'Tarki','zerg',NULL,NULL,2,120),(789,3,NULL,'Pepem','zerg',NULL,NULL,1,121),(790,3,NULL,'Eeel','zerg',NULL,NULL,2,121),(791,325,NULL,'Pepem','zerg',NULL,NULL,1,121),(792,325,NULL,'Eeel','zerg',NULL,NULL,2,121),(793,326,NULL,'Bouh','protoss',NULL,NULL,1,122),(794,326,NULL,'Klusty','terran',NULL,NULL,2,122),(795,327,NULL,'Bouh','protoss',NULL,NULL,1,122),(796,327,NULL,'Klusty','terran',NULL,NULL,2,122),(797,328,NULL,'Clafter','terran',NULL,NULL,1,123),(798,328,3,'loveeyes','terran',NULL,NULL,1,123),(799,328,NULL,'Tarki','zerg',NULL,NULL,2,123),(800,328,NULL,'ParadoX','protoss',NULL,NULL,2,123),(801,329,NULL,'Clafter','terran',NULL,NULL,1,123),(802,329,3,'loveeyes','terran',NULL,NULL,1,123),(803,329,NULL,'Tarki','zerg',NULL,NULL,2,123),(804,329,NULL,'ParadoX','protoss',NULL,NULL,2,123),(805,330,NULL,'Clafter','terran',NULL,NULL,1,123),(806,330,3,'loveeyes','terran',NULL,NULL,1,123),(807,330,NULL,'Tarki','zerg',NULL,NULL,2,123),(808,330,NULL,'ParadoX','protoss',NULL,NULL,2,123),(809,331,NULL,'Clafter','terran',NULL,NULL,1,4),(810,331,NULL,'RenZaN','zerg',NULL,NULL,2,4),(811,332,NULL,'Clafter','terran',NULL,NULL,1,4),(812,332,NULL,'RenZaN','zerg',NULL,NULL,2,4),(813,333,NULL,'Pepem','zerg',NULL,NULL,1,124),(814,333,NULL,'iZno','terran',NULL,NULL,2,124),(815,334,NULL,'Pepem','zerg',NULL,NULL,1,124),(816,334,NULL,'iZno','terran',NULL,NULL,2,124),(817,335,NULL,'Pepem','zerg',NULL,NULL,1,124),(818,335,NULL,'iZno','terran',NULL,NULL,2,124),(819,336,NULL,'beerwithme','zerg',NULL,NULL,1,125),(820,336,NULL,'Moi','protoss',NULL,NULL,2,125),(821,337,NULL,'beerwithme','zerg',NULL,NULL,1,125),(822,337,NULL,'Moi','protoss',NULL,NULL,2,125),(823,338,NULL,'Bouh','protoss',NULL,NULL,1,126),(824,338,NULL,'BOMBER','protoss',NULL,NULL,2,126),(825,339,NULL,'Bouh','protoss',NULL,NULL,1,126),(826,339,NULL,'BOMBER','protoss',NULL,NULL,2,126),(827,340,NULL,'Bouh','protoss',NULL,NULL,1,126),(828,340,NULL,'BOMBER','protoss',NULL,NULL,2,126),(829,341,NULL,'Clafter','terran',NULL,NULL,1,127),(830,341,3,'loveeyes','terran',NULL,NULL,1,127),(831,341,NULL,'RenZaN','zerg',NULL,NULL,2,127),(832,341,NULL,'iZno','terran',NULL,NULL,2,127),(833,342,NULL,'Clafter','terran',NULL,NULL,1,127),(834,342,3,'loveeyes','terran',NULL,NULL,1,127),(835,342,NULL,'RenZaN','zerg',NULL,NULL,2,127),(836,342,NULL,'iZno','terran',NULL,NULL,2,127),(837,343,NULL,'MttN','terran',NULL,NULL,1,4),(838,343,NULL,'Satiini','terran',NULL,NULL,2,4),(839,344,NULL,'MttN','terran',NULL,NULL,1,4),(840,344,NULL,'Satiini','terran',NULL,NULL,2,4),(841,345,NULL,'Bouh','protoss',NULL,NULL,1,128),(842,345,NULL,'Laukyo','terran',NULL,NULL,2,128),(843,346,NULL,'Bouh','protoss',NULL,NULL,1,128),(844,346,NULL,'Laukyo','terran',NULL,NULL,2,128),(845,347,NULL,'beerwithme','zerg',NULL,NULL,1,129),(846,347,NULL,'effecto','terran',NULL,NULL,2,129),(847,348,NULL,'beerwithme','zerg',NULL,NULL,1,129),(848,348,NULL,'effecto','terran',NULL,NULL,2,129),(849,349,NULL,'Pepem','zerg',NULL,NULL,1,130),(850,349,NULL,'Unleashed','zerg',NULL,NULL,2,130),(851,350,NULL,'Pepem','zerg',NULL,NULL,1,130),(852,350,NULL,'Unleashed','zerg',NULL,NULL,2,130),(853,351,NULL,'Pepem','zerg',NULL,NULL,1,131),(854,351,NULL,'mYst','random',NULL,NULL,1,131),(855,351,NULL,'SonG','terran',NULL,NULL,2,131),(856,351,NULL,'XiriS','protoss',NULL,NULL,2,131),(857,352,NULL,'Pepem','zerg',NULL,NULL,1,131),(858,352,NULL,'mYst','random',NULL,NULL,1,131),(859,352,NULL,'SonG','terran',NULL,NULL,2,131),(860,352,NULL,'XiriS','protoss',NULL,NULL,2,131),(861,353,NULL,'Clafter','terran',NULL,NULL,1,4),(862,353,NULL,'Swilice','terran',NULL,NULL,2,4),(863,354,NULL,'Clafter','terran',NULL,NULL,1,4),(864,354,NULL,'Swilice','terran',NULL,NULL,2,4),(865,355,NULL,'Clafter','terran',NULL,NULL,1,4),(866,355,NULL,'Swilice','terran',NULL,NULL,2,4),(867,356,NULL,'Bouh','protoss',NULL,NULL,1,132),(868,356,NULL,'TrynFly','terran',NULL,NULL,2,132),(869,357,NULL,'Bouh','protoss',NULL,NULL,1,132),(870,357,NULL,'TrynFly','terran',NULL,NULL,2,132),(871,358,NULL,'beerwithme','zerg',NULL,NULL,1,133),(872,358,NULL,'FooFigther','terran',NULL,NULL,2,133),(873,359,NULL,'beerwithme','zerg',NULL,NULL,1,133),(874,359,NULL,'FooFigther','terran',NULL,NULL,2,133),(875,360,3,'loveeyes','terran',NULL,NULL,1,134),(876,360,NULL,'swArm','terran',NULL,NULL,1,134),(877,360,NULL,'Trynfly','terran',NULL,NULL,2,134),(878,360,NULL,'Isaer','zerg',NULL,NULL,2,134),(879,361,3,'loveeyes','terran',NULL,NULL,1,134),(880,361,NULL,'swArm','terran',NULL,NULL,1,134),(881,361,NULL,'Trynfly','terran',NULL,NULL,2,134),(882,361,NULL,'Isaer','zerg',NULL,NULL,2,134),(883,362,3,'loveeyes','terran',NULL,NULL,1,134),(884,362,NULL,'swArm','terran',NULL,NULL,1,134),(885,362,NULL,'Trynfly','terran',NULL,NULL,2,134),(886,362,NULL,'Isaer','zerg',NULL,NULL,2,134),(887,363,NULL,'beerwithme','zerg',NULL,NULL,1,135),(888,363,NULL,'RuFFy','zerg',NULL,NULL,2,135),(889,364,NULL,'beerwithme','zerg',NULL,NULL,1,135),(890,364,NULL,'RuFFy','zerg',NULL,NULL,2,135),(891,365,NULL,'beerwithme','zerg',NULL,NULL,1,135),(892,365,NULL,'RuFFy','zerg',NULL,NULL,2,135),(893,366,NULL,'Defwin','random',NULL,NULL,1,136),(894,366,NULL,'-','random',NULL,NULL,2,136),(895,367,NULL,'Defwin','random',NULL,NULL,1,136),(896,367,NULL,'-','random',NULL,NULL,2,136),(897,368,NULL,'Hane','protoss',NULL,NULL,1,137),(898,368,NULL,'Talanthalos','terran',NULL,NULL,2,137),(899,369,NULL,'Hane','protoss',NULL,NULL,1,137),(900,369,NULL,'Talanthalos','terran',NULL,NULL,2,137),(901,370,NULL,'Hane','protoss',NULL,NULL,1,137),(902,370,NULL,'Talanthalos','terran',NULL,NULL,2,137),(903,371,NULL,'Bouh','protoss',NULL,NULL,1,138),(904,371,NULL,'NosFeraTu','zerg',NULL,NULL,2,138),(905,372,NULL,'Bouh','protoss',NULL,NULL,1,138),(906,372,NULL,'NosFeraTu','zerg',NULL,NULL,2,138),(907,373,NULL,'Bouh','protoss',NULL,NULL,1,138),(908,373,NULL,'NosFeraTu','zerg',NULL,NULL,2,138),(909,374,NULL,'Defwin','random',NULL,NULL,1,139),(910,374,NULL,'-','random',NULL,NULL,2,139),(911,375,NULL,'Defwin','random',NULL,NULL,1,139),(912,375,NULL,'-','random',NULL,NULL,2,139),(913,376,NULL,'Bouh','protoss',NULL,NULL,1,3),(914,376,NULL,'saltthewound','zerg',NULL,NULL,2,3),(915,377,NULL,'Bouh','protoss',NULL,NULL,1,3),(916,377,NULL,'saltthewound','zerg',NULL,NULL,2,3),(917,378,NULL,'Bouh','protoss',NULL,NULL,1,3),(918,378,NULL,'saltthewound','zerg',NULL,NULL,2,3),(919,379,NULL,'Hane','protoss',NULL,NULL,1,140),(920,379,NULL,'Manking','protoss',NULL,NULL,2,140),(921,380,NULL,'Hane','protoss',NULL,NULL,1,140),(922,380,NULL,'Manking','protoss',NULL,NULL,2,140),(923,381,NULL,'MttN','terran',NULL,NULL,1,141),(924,381,NULL,'OminouS','protoss',NULL,NULL,2,141),(925,382,NULL,'MttN','terran',NULL,NULL,1,141),(926,382,NULL,'OminouS','protoss',NULL,NULL,2,141),(927,383,NULL,'MttN','terran',NULL,NULL,1,141),(928,383,NULL,'OminouS','protoss',NULL,NULL,2,141),(929,384,NULL,'WhiteMan','random',NULL,NULL,1,142),(930,384,NULL,'mYst','random',NULL,NULL,1,142),(931,384,NULL,'darglein','random',NULL,NULL,2,142),(932,384,NULL,'Manking','protoss',NULL,NULL,2,142),(933,385,NULL,'WhiteMan','random',NULL,NULL,1,142),(934,385,NULL,'mYst','random',NULL,NULL,1,142),(935,385,NULL,'darglein','random',NULL,NULL,2,142),(936,385,NULL,'Manking','protoss',NULL,NULL,2,142),(937,386,NULL,'GsHeeRo','zerg',NULL,NULL,1,3),(938,386,NULL,'sAuROn','terran',NULL,NULL,2,3),(939,387,NULL,'GsHeeRo','zerg',NULL,NULL,1,3),(940,387,NULL,'sAuROn','terran',NULL,NULL,2,3),(941,388,NULL,'Defwin','random',NULL,NULL,1,143),(942,388,NULL,'-','random',NULL,NULL,2,143),(943,389,NULL,'Defwin','random',NULL,NULL,1,143),(944,389,NULL,'-','random',NULL,NULL,2,143),(945,390,NULL,'MttN','terran',NULL,NULL,1,144),(946,390,NULL,'chillakilla','random',NULL,NULL,2,144),(947,391,NULL,'MttN','terran',NULL,NULL,1,144),(948,391,NULL,'chillakilla','random',NULL,NULL,2,144),(949,392,NULL,'Hane','protoss',NULL,NULL,1,145),(950,392,NULL,'Sheeperich','zerg',NULL,NULL,2,145),(951,393,NULL,'Hane','protoss',NULL,NULL,1,145),(952,393,NULL,'Sheeperich','zerg',NULL,NULL,2,145),(953,394,NULL,'Hane','protoss',NULL,NULL,1,145),(954,394,NULL,'Sheeperich','zerg',NULL,NULL,2,145),(955,395,NULL,'paupiette','terran',NULL,NULL,1,146),(956,395,NULL,'GsHeeRo','zerg',NULL,NULL,1,146),(957,395,NULL,'sAuROn','terran',NULL,NULL,2,146),(958,395,NULL,'chillakilla','random',NULL,NULL,2,146),(959,396,NULL,'paupiette','terran',NULL,NULL,1,146),(960,396,NULL,'GsHeeRo','zerg',NULL,NULL,1,146),(961,396,NULL,'sAuROn','terran',NULL,NULL,2,146),(962,396,NULL,'chillakilla','random',NULL,NULL,2,146),(963,397,NULL,'paupiette','terran',NULL,NULL,1,146),(964,397,NULL,'GsHeeRo','zerg',NULL,NULL,1,146),(965,397,NULL,'sAuROn','terran',NULL,NULL,2,146),(966,397,NULL,'chillakilla','random',NULL,NULL,2,146),(967,398,NULL,'Hane','protoss',NULL,NULL,1,3),(968,398,NULL,'Justify','protoss',NULL,NULL,2,3),(969,399,NULL,'Hane','protoss',NULL,NULL,1,3),(970,399,NULL,'Justify','protoss',NULL,NULL,2,3),(971,400,NULL,'Sweety','protoss',NULL,NULL,1,147),(972,400,NULL,'iRa','protoss',NULL,NULL,2,147),(973,401,NULL,'Sweety','protoss',NULL,NULL,1,147),(974,401,NULL,'iRa','protoss',NULL,NULL,2,147),(975,402,NULL,'Sweety','protoss',NULL,NULL,1,147),(976,402,NULL,'iRa','protoss',NULL,NULL,2,147),(977,403,NULL,'-','random',NULL,NULL,1,148),(978,403,NULL,'Defwin','random',NULL,NULL,2,148),(979,404,NULL,'-','random',NULL,NULL,1,148),(980,404,NULL,'Defwin','random',NULL,NULL,2,148),(981,405,NULL,'mYst','random',NULL,NULL,1,149),(982,405,NULL,'Drunken','terran',NULL,NULL,2,149),(983,406,NULL,'mYst','random',NULL,NULL,1,149),(984,406,NULL,'Drunken','terran',NULL,NULL,2,149),(985,407,NULL,'Sweety','protoss',NULL,NULL,1,150),(986,407,NULL,'Tartiflette','terran',NULL,NULL,1,150),(987,407,NULL,'FLamer','zerg',NULL,NULL,2,150),(988,407,NULL,'Justify','protoss',NULL,NULL,2,150),(989,3,NULL,'Sweety','protoss',NULL,NULL,1,150),(990,3,NULL,'Tartiflette','terran',NULL,NULL,1,150),(991,3,NULL,'FLamer','zerg',NULL,NULL,2,150),(992,3,NULL,'Justify','protoss',NULL,NULL,2,150),(993,408,NULL,'Sweety','protoss',NULL,NULL,1,150),(994,408,NULL,'Tartiflette','terran',NULL,NULL,1,150),(995,408,NULL,'FLamer','zerg',NULL,NULL,2,150),(996,408,NULL,'Justify','protoss',NULL,NULL,2,150),(997,409,NULL,'Hane','protoss',NULL,NULL,1,3),(998,409,NULL,'Jei','protoss',NULL,NULL,2,3),(999,410,NULL,'Hane','protoss',NULL,NULL,1,3),(1000,410,NULL,'Jei','protoss',NULL,NULL,2,3),(1001,411,NULL,'GsHeeRo','zerg',NULL,NULL,1,151),(1002,411,NULL,'hwbgLan','protoss',NULL,NULL,2,151),(1003,412,NULL,'GsHeeRo','zerg',NULL,NULL,1,151),(1004,412,NULL,'hwbgLan','protoss',NULL,NULL,2,151),(1005,413,NULL,'Tartiflette','terran',NULL,NULL,1,152),(1006,413,NULL,'hwbgGiantt','zerg',NULL,NULL,2,152),(1007,414,NULL,'hwbgGiantt','zerg',NULL,NULL,2,152),(1008,415,NULL,'Tartiflette','terran',NULL,NULL,1,152),(1009,415,NULL,'hwbgGiantt','zerg',NULL,NULL,2,152),(1010,416,NULL,'Bouh','protoss',NULL,NULL,1,153),(1011,416,NULL,'MiSePie','protoss',NULL,NULL,2,153),(1012,417,NULL,'MiSePie','protoss',NULL,NULL,2,153),(1013,418,NULL,'Milla','protoss',NULL,NULL,1,154),(1014,418,NULL,'IceDice','terran',NULL,NULL,1,154),(1015,418,NULL,'hwbgLan','protoss',NULL,NULL,2,154),(1016,418,NULL,'hwbgGiantt','zerg',NULL,NULL,2,154),(1017,419,NULL,'Milla','protoss',NULL,NULL,1,154),(1018,419,NULL,'IceDice','terran',NULL,NULL,1,154),(1019,419,NULL,'hwbgLan','protoss',NULL,NULL,2,154),(1020,419,NULL,'hwbgGiantt','zerg',NULL,NULL,2,154),(1021,420,NULL,'IceDice','terran',NULL,NULL,1,154),(1022,420,NULL,'hwbgLan','protoss',NULL,NULL,2,154),(1023,420,NULL,'hwbgGiantt','zerg',NULL,NULL,2,154),(1024,421,NULL,'MttN','terran',NULL,NULL,1,155),(1025,421,NULL,'agmbibi','protoss',NULL,NULL,2,155),(1026,422,NULL,'MttN','terran',NULL,NULL,1,155),(1027,422,NULL,'agmbibi','protoss',NULL,NULL,2,155),(1028,423,NULL,'GsHeeRo','zerg',NULL,NULL,1,156),(1029,423,NULL,'zenob','protoss',NULL,NULL,2,156),(1030,424,NULL,'GsHeeRo','zerg',NULL,NULL,1,156),(1031,424,NULL,'zenob','protoss',NULL,NULL,2,156),(1032,425,NULL,'Tartiflette','terran',NULL,NULL,1,157),(1033,425,NULL,'PhXLiZZaRoC','protoss',NULL,NULL,2,157),(1034,426,NULL,'Tartiflette','terran',NULL,NULL,1,157),(1035,426,NULL,'PhXLiZZaRoC','protoss',NULL,NULL,2,157),(1036,427,NULL,'Tartiflette','terran',NULL,NULL,1,157),(1037,427,NULL,'PhXLiZZaRoC','protoss',NULL,NULL,2,157),(1038,428,NULL,'Rasmuth','protoss',NULL,NULL,1,158),(1039,428,NULL,'oSkVal','terran',NULL,NULL,2,158),(1040,429,NULL,'Rasmuth','protoss',NULL,NULL,1,158),(1041,429,NULL,'oSkVal','terran',NULL,NULL,2,158),(1042,430,NULL,'GsHeeRo','zerg',NULL,NULL,1,159),(1043,430,NULL,'paupiette','terran',NULL,NULL,1,159),(1044,430,NULL,'oSkVal','terran',NULL,NULL,2,159),(1045,430,NULL,'PhXliXOu','protoss',NULL,NULL,2,159),(1046,431,NULL,'GsHeeRo','zerg',NULL,NULL,1,159),(1047,431,NULL,'paupiette','terran',NULL,NULL,1,159),(1048,431,NULL,'oSkVal','terran',NULL,NULL,2,159),(1049,431,NULL,'PhXliXOu','protoss',NULL,NULL,2,159),(1050,432,NULL,'Sweety','terran',NULL,NULL,1,2),(1051,432,NULL,'sMiLe','zerg',NULL,NULL,2,2),(1052,433,NULL,'Sweety','terran',NULL,NULL,1,2),(1053,433,NULL,'sMiLe','zerg',NULL,NULL,2,2),(1054,434,NULL,'MttN','zerg',NULL,NULL,1,160),(1055,434,NULL,'Foumiz','protoss',NULL,NULL,2,160),(1056,435,NULL,'MttN','zerg',NULL,NULL,1,160),(1057,435,NULL,'Foumiz','protoss',NULL,NULL,2,160),(1058,436,NULL,'Pepem','terran',NULL,NULL,1,161),(1059,436,NULL,'FOXTristaR','terran',NULL,NULL,2,161),(1060,437,NULL,'Pepem','terran',NULL,NULL,1,161),(1061,437,NULL,'FOXTristaR','terran',NULL,NULL,2,161),(1062,438,NULL,'Pepem','terran',NULL,NULL,1,161),(1063,438,NULL,'FOXTristaR','terran',NULL,NULL,2,161),(1064,439,NULL,'Rasmuth','protoss',NULL,NULL,1,162),(1065,439,NULL,'SaJa','protoss',NULL,NULL,2,162),(1066,440,NULL,'Rasmuth','protoss',NULL,NULL,1,162),(1067,440,NULL,'SaJa','protoss',NULL,NULL,2,162),(1068,441,NULL,'Sweety','protoss',NULL,NULL,1,163),(1069,441,NULL,'Tartiflette','terran',NULL,NULL,1,163),(1070,441,NULL,'DaRa','protoss',NULL,NULL,2,163),(1071,441,NULL,'boyyy','zerg',NULL,NULL,2,163),(1072,442,NULL,'Sweety','protoss',NULL,NULL,1,163),(1073,442,NULL,'Tartiflette','terran',NULL,NULL,1,163),(1074,442,NULL,'DaRa','protoss',NULL,NULL,2,163),(1075,442,NULL,'boyyy','zerg',NULL,NULL,2,163),(1076,443,NULL,'Sweety','protoss',NULL,NULL,1,163),(1077,443,NULL,'Tartiflette','terran',NULL,NULL,1,163),(1078,443,NULL,'DaRa','protoss',NULL,NULL,2,163),(1079,443,NULL,'boyyy','zerg',NULL,NULL,2,163),(1080,444,NULL,'GsHeeRo','zerg',NULL,NULL,1,2),(1081,444,NULL,'NeOAnGeL','protoss',NULL,NULL,2,2),(1082,445,NULL,'GsHeeRo','zerg',NULL,NULL,1,2),(1083,445,NULL,'NeOAnGeL','protoss',NULL,NULL,2,2),(1084,446,NULL,'GsHeeRo','zerg',NULL,NULL,1,2),(1085,446,NULL,'NeOAnGeL','protoss',NULL,NULL,2,2),(1086,447,NULL,'Sweety','protoss',NULL,NULL,1,164),(1087,447,NULL,'Diegopyc','zerg',NULL,NULL,2,164),(1088,448,NULL,'Sweety','protoss',NULL,NULL,1,164),(1089,448,NULL,'Diegopyc','zerg',NULL,NULL,2,164),(1090,449,NULL,'Sweety','protoss',NULL,NULL,1,164),(1091,449,NULL,'Diegopyc','zerg',NULL,NULL,2,164),(1092,450,NULL,'Pepem','zerg',NULL,NULL,1,165),(1093,450,NULL,'Burimiche','protoss',NULL,NULL,2,165),(1094,451,NULL,'Pepem','zerg',NULL,NULL,1,165),(1095,451,NULL,'Burimiche','protoss',NULL,NULL,2,165),(1096,452,NULL,'Pepem','zerg',NULL,NULL,1,165),(1097,452,NULL,'Burimiche','protoss',NULL,NULL,2,165),(1098,453,NULL,'Rasmuth','protoss',NULL,NULL,1,166),(1099,453,NULL,'Rexar','protoss',NULL,NULL,2,166),(1100,454,NULL,'Rasmuth','protoss',NULL,NULL,1,166),(1101,454,NULL,'Rexar','protoss',NULL,NULL,2,166),(1102,455,NULL,'Rasmuth','protoss',NULL,NULL,1,166),(1103,455,NULL,'Rexar','protoss',NULL,NULL,2,166),(1104,456,NULL,'Sweety','protoss',NULL,NULL,1,167),(1105,456,NULL,'Tartiflette','terran',NULL,NULL,1,167),(1106,456,NULL,'NeOAnGeL','protoss',NULL,NULL,2,167),(1107,456,NULL,'Thadortin','zerg',NULL,NULL,2,167),(1108,457,NULL,'Sweety','protoss',NULL,NULL,1,167),(1109,457,NULL,'Tartiflette','terran',NULL,NULL,1,167),(1110,457,NULL,'NeOAnGeL','protoss',NULL,NULL,2,167),(1111,457,NULL,'Thadortin','zerg',NULL,NULL,2,167),(1112,458,NULL,'Sweety','protoss',NULL,NULL,1,167),(1113,458,NULL,'Tartiflette','terran',NULL,NULL,1,167),(1114,458,NULL,'NeOAnGeL','protoss',NULL,NULL,2,167),(1115,458,NULL,'Thadortin','zerg',NULL,NULL,2,167),(1116,459,NULL,'Rasmuth','protoss',NULL,NULL,1,2),(1117,459,NULL,'WiCkeDTeRRaN','terran',NULL,NULL,2,2),(1118,460,NULL,'Rasmuth','protoss',NULL,NULL,1,2),(1119,460,NULL,'WiCkeDTeRRaN','terran',NULL,NULL,2,2),(1120,461,NULL,'Pepem','zerg',NULL,NULL,1,168),(1121,461,NULL,'sAsPCK','terran',NULL,NULL,2,168),(1122,462,NULL,'Pepem','zerg',NULL,NULL,1,168),(1123,462,NULL,'sAsPCK','terran',NULL,NULL,2,168),(1124,463,NULL,'Sweety','protoss',NULL,NULL,1,169),(1125,463,NULL,'sAsUrice','protoss',NULL,NULL,2,169),(1126,464,NULL,'Sweety','protoss',NULL,NULL,1,169),(1127,464,NULL,'sAsUrice','protoss',NULL,NULL,2,169),(1128,465,NULL,'Sweety','protoss',NULL,NULL,1,169),(1129,465,NULL,'sAsUrice','protoss',NULL,NULL,2,169),(1130,466,NULL,'Bouh','protoss',NULL,NULL,1,170),(1131,466,NULL,'sAsGanil','terran',NULL,NULL,2,170),(1132,467,NULL,'Bouh','protoss',NULL,NULL,1,170),(1133,467,NULL,'sAsGanil','terran',NULL,NULL,2,170),(1134,468,NULL,'Bouh','protoss',NULL,NULL,1,170),(1135,468,NULL,'sAsGanil','terran',NULL,NULL,2,170),(1136,469,NULL,'Sweety','protoss',NULL,NULL,1,171),(1137,469,NULL,'Tartiflette','terran',NULL,NULL,1,171),(1138,469,NULL,'Olinous','terran',NULL,NULL,2,171),(1139,469,NULL,'TaMoCk','zerg',NULL,NULL,2,171),(1140,470,NULL,'Sweety','protoss',NULL,NULL,1,171),(1141,470,NULL,'Tartiflette','terran',NULL,NULL,1,171),(1142,470,NULL,'Olinous','terran',NULL,NULL,2,171),(1143,470,NULL,'TaMoCk','zerg',NULL,NULL,2,171),(1144,471,NULL,'Sweety','protoss',NULL,NULL,1,171),(1145,471,NULL,'Tartiflette','terran',NULL,NULL,1,171),(1146,471,NULL,'Olinous','terran',NULL,NULL,2,171),(1147,471,NULL,'TaMoCk','zerg',NULL,NULL,2,171);
/*!40000 ALTER TABLE `gameplayer` ENABLE KEYS */;
UNLOCK TABLES;

--
-- Table structure for table `league`
--

DROP TABLE IF EXISTS `league`;
/*!40101 SET @saved_cs_client     = @@character_set_client */;
/*!40101 SET character_set_client = utf8 */;
CREATE TABLE `league` (
  `id` int(11) NOT NULL AUTO_INCREMENT,
  `name` varchar(255) NOT NULL,
  `country` varchar(255) NOT NULL,
  PRIMARY KEY (`id`)
) ENGINE=InnoDB AUTO_INCREMENT=5 DEFAULT CHARSET=latin1;
/*!40101 SET character_set_client = @saved_cs_client */;

--
-- Dumping data for table `league`
--

LOCK TABLES `league` WRITE;
/*!40000 ALTER TABLE `league` DISABLE KEYS */;
INSERT INTO `league` VALUES (1,'Friendly','EU'),(2,'Pandaria','FR'),(3,'SC2CL','EU'),(4,'SC2F','FR');
/*!40000 ALTER TABLE `league` ENABLE KEYS */;
UNLOCK TABLES;

--
-- Table structure for table `nb_user`
--

DROP TABLE IF EXISTS `nb_user`;
/*!40101 SET @saved_cs_client     = @@character_set_client */;
/*!40101 SET character_set_client = utf8 */;
CREATE TABLE `nb_user` (
  `id` int(11) NOT NULL AUTO_INCREMENT,
  `username` varchar(255) NOT NULL,
  `password` varchar(255) NOT NULL,
  `email` varchar(255) NOT NULL,
  `avatar` varchar(255) DEFAULT NULL,
  `firstName` varchar(255) NOT NULL,
  `lastName` varchar(255) NOT NULL,
  `city` varchar(255) NOT NULL,
  `country` varchar(255) NOT NULL,
  `facebook` varchar(255) DEFAULT NULL,
  `twitter` varchar(255) DEFAULT NULL,
  `skype` varchar(255) DEFAULT NULL,
  `msn` varchar(255) DEFAULT NULL,
  `lastActivity` datetime DEFAULT NULL,
  PRIMARY KEY (`id`)
) ENGINE=InnoDB AUTO_INCREMENT=4 DEFAULT CHARSET=latin1;
/*!40101 SET character_set_client = @saved_cs_client */;

--
-- Dumping data for table `nb_user`
--

LOCK TABLES `nb_user` WRITE;
/*!40000 ALTER TABLE `nb_user` DISABLE KEYS */;
INSERT INTO `nb_user` VALUES (1,'AlepH','aberranger96pass','lysimaque@gmail.com',NULL,'Antoine','Berranger','Nantes','France',NULL,'AlepH-FR','aleph_44','lysimaque@hotmail.com',NULL),(2,'Fzero','aledez96pass','nbfzero@hotmail.com',NULL,'Anthony','Ledez','Boulogne sur Mer','France',NULL,'','','nbfzero@hotmail.com',NULL),(3,'loveeyes','rnyman96pass','nyman_84@hotmail.com',NULL,'Robert','Nyman','','Finland',NULL,'','','nyman_84@hotmail.com',NULL);
/*!40000 ALTER TABLE `nb_user` ENABLE KEYS */;
UNLOCK TABLES;

--
-- Table structure for table `news`
--

DROP TABLE IF EXISTS `news`;
/*!40101 SET @saved_cs_client     = @@character_set_client */;
/*!40101 SET character_set_client = utf8 */;
CREATE TABLE `news` (
  `id` int(11) NOT NULL AUTO_INCREMENT,
  `author_id` int(11) DEFAULT NULL,
  `team_id` int(11) DEFAULT NULL,
  `title` varchar(255) NOT NULL,
  `body` longtext NOT NULL,
  `date` datetime NOT NULL,
  PRIMARY KEY (`id`),
  KEY `IDX_1DD39950F675F31B` (`author_id`),
  KEY `IDX_1DD39950296CD8AE` (`team_id`),
  CONSTRAINT `news_ibfk_2` FOREIGN KEY (`team_id`) REFERENCES `team` (`id`),
  CONSTRAINT `news_ibfk_1` FOREIGN KEY (`author_id`) REFERENCES `nb_user` (`id`)
) ENGINE=InnoDB AUTO_INCREMENT=2 DEFAULT CHARSET=latin1;
/*!40101 SET character_set_client = @saved_cs_client */;

--
-- Dumping data for table `news`
--

LOCK TABLES `news` WRITE;
/*!40000 ALTER TABLE `news` DISABLE KEYS */;
INSERT INTO `news` VALUES (1,1,1,'Welcome on brand new nB) website !','\n            <p>\n                    <strong>Welcome on our new website !</strong>\n            </p>\n            <p>\n                    Nuit Blanche is quite an old team. We are playing like crazy since 1996 and let\'s guess we are geek enough to continue to play for decades.\n                    Since 1996, we made MANY websites. Four versions with various success were made on the collector url <em>clannb.quakexpert.com</em>. Then when StarCraft 2 opened, we quickly created a small website\n                    on <em>egame-star</em>.\n            </p>\n            <p>\n                    But none of them was good enough for our exceptionnal team !<br />\n                    So I decided to build a brand new one based on new powerful tools : Symfony 2, Doctrine 2 with some extra magical dust.\n            </p>\n            <p>\n                    Here is a list of functions i hope you\'ll enjoy :\n            </p>\n            <ul>\n                    <li>leagues and seasons recaps</li>\n                    <li>detailled clan war page with related replays</li>\n                    <li>detailled profiles with statistics, clan war games and replays related</li>\n                    <li>cute replay page with apm chart, chat log and more</li>\n                    <li>embedded stream pages, with live stream, show history, ...</li>\n                    <li>... and more you\'ll discover while browsing this website</li>\n            </ul>\n            <p>\n                    But we are still in a <strong>v0.9 beta version</strong> !<br />\n                    Until the end of the summer, I\'ll add more cool stuff :\n            </p>\n            <ul>\n                    <li>forum</li>\n                    <li>replay notes and comments</li>\n                    <li>internationalization for french only speakers (they suck I know !)</li>\n            </ul>\n            <p>\n                    So..... I really hope you\'ll enjoy that shit and that you\'ll help us making it an active website.<br />\n                    <em>Stay tuned</em>,<br />\n                    AlepH\n            </p>\n        ','2011-05-30 14:59:55');
/*!40000 ALTER TABLE `news` ENABLE KEYS */;
UNLOCK TABLES;

--
-- Table structure for table `player`
--

DROP TABLE IF EXISTS `player`;
/*!40101 SET @saved_cs_client     = @@character_set_client */;
/*!40101 SET character_set_client = utf8 */;
CREATE TABLE `player` (
  `id` int(11) NOT NULL AUTO_INCREMENT,
  `user_id` int(11) DEFAULT NULL,
  `sc2Role` varchar(255) DEFAULT NULL,
  `sc2Id` int(11) NOT NULL,
  `sc2Account` varchar(255) NOT NULL,
  `sc2Race` varchar(255) NOT NULL,
  `sc2ProfileEsl` varchar(255) DEFAULT NULL,
  `sc2ProfileSc2cl` varchar(255) DEFAULT NULL,
  `sc2ProfilePandaria` varchar(255) DEFAULT NULL,
  PRIMARY KEY (`id`),
  UNIQUE KEY `UNIQ_98197A65A76ED395` (`user_id`),
  CONSTRAINT `player_ibfk_1` FOREIGN KEY (`user_id`) REFERENCES `nb_user` (`id`)
) ENGINE=InnoDB AUTO_INCREMENT=4 DEFAULT CHARSET=latin1;
/*!40101 SET character_set_client = @saved_cs_client */;

--
-- Dumping data for table `player`
--

LOCK TABLES `player` WRITE;
/*!40000 ALTER TABLE `player` DISABLE KEYS */;
INSERT INTO `player` VALUES (1,1,'Admin',372,'AlepH','random','5335303','513123','AlepH_FR'),(2,2,'Admin',707,'nBFzero','terran','5335381','351610','NbFzero'),(3,3,'Admin',226,'loveeyes','zerg','5337702','513333','loveeyes.226');
/*!40000 ALTER TABLE `player` ENABLE KEYS */;
UNLOCK TABLES;

--
-- Table structure for table `replay`
--

DROP TABLE IF EXISTS `replay`;
/*!40101 SET @saved_cs_client     = @@character_set_client */;
/*!40101 SET character_set_client = utf8 */;
CREATE TABLE `replay` (
  `id` int(11) NOT NULL AUTO_INCREMENT,
  `game_id` int(11) DEFAULT NULL,
  `uploader_id` int(11) DEFAULT NULL,
  `file` varchar(255) NOT NULL,
  `chart` varchar(255) NOT NULL,
  `size` int(11) NOT NULL,
  `length` varchar(255) NOT NULL,
  `obs` varchar(255) NOT NULL,
  `realm` varchar(255) NOT NULL,
  `version` varchar(255) NOT NULL,
  `downloads` int(11) DEFAULT NULL,
  `chatLog` longtext NOT NULL,
  PRIMARY KEY (`id`),
  UNIQUE KEY `UNIQ_D937F4F2E48FD905` (`game_id`),
  KEY `IDX_D937F4F216678C77` (`uploader_id`),
  CONSTRAINT `replay_ibfk_2` FOREIGN KEY (`uploader_id`) REFERENCES `player` (`id`),
  CONSTRAINT `replay_ibfk_1` FOREIGN KEY (`game_id`) REFERENCES `game` (`id`)
) ENGINE=InnoDB DEFAULT CHARSET=latin1;
/*!40101 SET character_set_client = @saved_cs_client */;

--
-- Dumping data for table `replay`
--

LOCK TABLES `replay` WRITE;
/*!40000 ALTER TABLE `replay` DISABLE KEYS */;
/*!40000 ALTER TABLE `replay` ENABLE KEYS */;
UNLOCK TABLES;

--
-- Table structure for table `season`
--

DROP TABLE IF EXISTS `season`;
/*!40101 SET @saved_cs_client     = @@character_set_client */;
/*!40101 SET character_set_client = utf8 */;
CREATE TABLE `season` (
  `id` int(11) NOT NULL AUTO_INCREMENT,
  `league_id` int(11) DEFAULT NULL,
  `number` int(11) NOT NULL,
  `division` varchar(255) NOT NULL,
  `startDate` datetime NOT NULL,
  `endDate` datetime DEFAULT NULL,
  `ended` tinyint(1) NOT NULL,
  `wins` int(11) DEFAULT NULL,
  `draws` int(11) DEFAULT NULL,
  `losses` int(11) DEFAULT NULL,
  `position` int(11) DEFAULT NULL,
  PRIMARY KEY (`id`),
  KEY `IDX_F0E45BA958AFC4DE` (`league_id`),
  CONSTRAINT `season_ibfk_1` FOREIGN KEY (`league_id`) REFERENCES `league` (`id`)
) ENGINE=InnoDB AUTO_INCREMENT=7 DEFAULT CHARSET=latin1;
/*!40101 SET character_set_client = @saved_cs_client */;

--
-- Dumping data for table `season`
--

LOCK TABLES `season` WRITE;
/*!40000 ALTER TABLE `season` DISABLE KEYS */;
INSERT INTO `season` VALUES (1,1,0,'0','2010-09-01 00:00:00',NULL,0,2,NULL,4,NULL),(2,2,1,'3','2010-09-19 00:00:00','2010-11-14 00:00:00',1,7,NULL,2,1),(3,3,1,'5e','2010-09-26 00:00:00','2010-12-01 00:00:00',1,3,1,1,2),(4,4,1,'1','2010-11-28 00:00:00','2011-01-23 00:00:00',1,4,NULL,5,3),(5,3,2,'3b','2011-04-10 00:00:00','2011-06-27 00:00:00',0,2,NULL,3,NULL),(6,2,2,'3','2011-04-24 00:00:00','2011-07-03 00:00:00',0,3,NULL,1,NULL);
/*!40000 ALTER TABLE `season` ENABLE KEYS */;
UNLOCK TABLES;

--
-- Table structure for table `team`
--

DROP TABLE IF EXISTS `team`;
/*!40101 SET @saved_cs_client     = @@character_set_client */;
/*!40101 SET character_set_client = utf8 */;
CREATE TABLE `team` (
  `id` int(11) NOT NULL AUTO_INCREMENT,
  `name` varchar(255) NOT NULL,
  `icon` varchar(255) NOT NULL,
  `tag` varchar(255) NOT NULL,
  PRIMARY KEY (`id`)
) ENGINE=InnoDB AUTO_INCREMENT=4 DEFAULT CHARSET=latin1;
/*!40101 SET character_set_client = @saved_cs_client */;

--
-- Dumping data for table `team`
--

LOCK TABLES `team` WRITE;
/*!40000 ALTER TABLE `team` DISABLE KEYS */;
INSERT INTO `team` VALUES (1,'nB.SC2','/bundles/ihqsnuitblanche/images/ico/nb_boy.png','nB)'),(2,'nB.SC2 Ladies','/bundles/ihqsnuitblanche/images/ico/nb_girl.png','nB)'),(3,'nB.SC2 Oldies','/bundles/ihqsnuitblanche/images/ico/nb_boy.png','nB)');
/*!40000 ALTER TABLE `team` ENABLE KEYS */;
UNLOCK TABLES;

--
-- Table structure for table `team_player`
--

DROP TABLE IF EXISTS `team_player`;
/*!40101 SET @saved_cs_client     = @@character_set_client */;
/*!40101 SET character_set_client = utf8 */;
CREATE TABLE `team_player` (
  `team_id` int(11) NOT NULL,
  `player_id` int(11) NOT NULL,
  PRIMARY KEY (`team_id`,`player_id`),
  KEY `IDX_EE023DBC296CD8AE` (`team_id`),
  KEY `IDX_EE023DBC99E6F5DF` (`player_id`),
  CONSTRAINT `team_player_ibfk_2` FOREIGN KEY (`player_id`) REFERENCES `player` (`id`) ON DELETE CASCADE,
  CONSTRAINT `team_player_ibfk_1` FOREIGN KEY (`team_id`) REFERENCES `team` (`id`) ON DELETE CASCADE
) ENGINE=InnoDB DEFAULT CHARSET=latin1;
/*!40101 SET character_set_client = @saved_cs_client */;

--
-- Dumping data for table `team_player`
--

LOCK TABLES `team_player` WRITE;
/*!40000 ALTER TABLE `team_player` DISABLE KEYS */;
INSERT INTO `team_player` VALUES (1,1),(1,2),(1,3);
/*!40000 ALTER TABLE `team_player` ENABLE KEYS */;
UNLOCK TABLES;

--
-- Table structure for table `user`
--

DROP TABLE IF EXISTS `user`;
/*!40101 SET @saved_cs_client     = @@character_set_client */;
/*!40101 SET character_set_client = utf8 */;
CREATE TABLE `user` (
  `id` int(11) NOT NULL AUTO_INCREMENT,
  `username` varchar(255) NOT NULL,
  `password` varchar(255) NOT NULL,
  `email` varchar(255) NOT NULL,
  `avatar` varchar(255) DEFAULT NULL,
  `firstName` varchar(255) NOT NULL,
  `lastName` varchar(255) NOT NULL,
  `city` varchar(255) NOT NULL,
  `country` varchar(255) NOT NULL,
  `facebook` varchar(255) DEFAULT NULL,
  `twitter` varchar(255) DEFAULT NULL,
  `skype` varchar(255) DEFAULT NULL,
  `msn` varchar(255) DEFAULT NULL,
  `lastActivity` datetime DEFAULT NULL,
  PRIMARY KEY (`id`)
) ENGINE=InnoDB AUTO_INCREMENT=79 DEFAULT CHARSET=latin1;
/*!40101 SET character_set_client = @saved_cs_client */;

--
-- Dumping data for table `user`
--

LOCK TABLES `user` WRITE;
/*!40000 ALTER TABLE `user` DISABLE KEYS */;
INSERT INTO `user` VALUES (76,'AlepH','aberranger96pass','lysimaque@gmail.com',NULL,'Antoine','Berranger','Nantes','France',NULL,'AlepH-FR','aleph_44','lysimaque@hotmail.com','2011-05-25 18:53:16'),(77,'Fzero','aledez96pass','nbfzero@hotmail.com',NULL,'Anthony','Ledez','Boulogne sur Mer','France',NULL,'','','nbfzero@hotmail.com',NULL),(78,'loveeyes','rnyman96pass','nyman_84@hotmail.com',NULL,'Robert','Nyman','','Finland',NULL,'','','nyman_84@hotmail.com',NULL);
/*!40000 ALTER TABLE `user` ENABLE KEYS */;
UNLOCK TABLES;

--
-- Table structure for table `war`
--

DROP TABLE IF EXISTS `war`;
/*!40101 SET @saved_cs_client     = @@character_set_client */;
/*!40101 SET character_set_client = utf8 */;
CREATE TABLE `war` (
  `id` int(11) NOT NULL AUTO_INCREMENT,
  `team_id` int(11) DEFAULT NULL,
  `season_id` int(11) DEFAULT NULL,
  `date` datetime NOT NULL,
  `maps` varchar(255) DEFAULT NULL,
  `teamScore` int(11) NOT NULL,
  `opponentName` varchar(255) NOT NULL,
  `opponentScore` int(11) NOT NULL,
  `opponentCountry` varchar(255) NOT NULL,
  `result` varchar(255) NOT NULL,
  PRIMARY KEY (`id`),
  KEY `IDX_6C12ED31296CD8AE` (`team_id`),
  KEY `IDX_6C12ED314EC001D1` (`season_id`),
  CONSTRAINT `war_ibfk_2` FOREIGN KEY (`season_id`) REFERENCES `season` (`id`),
  CONSTRAINT `war_ibfk_1` FOREIGN KEY (`team_id`) REFERENCES `team` (`id`)
) ENGINE=InnoDB AUTO_INCREMENT=39 DEFAULT CHARSET=latin1;
/*!40101 SET character_set_client = @saved_cs_client */;

--
-- Dumping data for table `war`
--

LOCK TABLES `war` WRITE;
/*!40000 ALTER TABLE `war` DISABLE KEYS */;
INSERT INTO `war` VALUES (1,1,1,'2010-09-06 21:00:00',NULL,3,'NJ',5,'FR','loss'),(2,1,1,'2010-09-10 21:00:00',NULL,2,'3D',3,'FR','loss'),(3,1,1,'2010-09-17 21:00:00',NULL,3,'FOX',5,'FR','loss'),(4,1,1,'2011-01-30 21:00:00',NULL,3,'SN',2,'FR','win'),(5,1,1,'2011-02-06 21:00:00',NULL,3,'FOX',4,'FR','loss'),(6,1,1,'2011-02-13 21:00:00',NULL,3,'FOX',2,'FR','win'),(7,1,2,'2010-09-19 21:00:00',NULL,5,'NbT',0,'FR','win'),(8,1,2,'2010-09-26 21:00:00',NULL,3,'aW',2,'FR','win'),(9,1,2,'2010-10-03 21:00:00',NULL,2,'JPFF',3,'FR','loss'),(10,1,2,'2010-10-08 21:00:00',NULL,3,'FOX',2,'FR','win'),(11,1,2,'2010-10-17 21:00:00',NULL,5,'MoX',0,'FR','win'),(12,1,2,'2010-10-24 21:00:00',NULL,2,'AdC',3,'FR','loss'),(13,1,2,'2010-11-01 21:00:00',NULL,5,'BriT',0,'FR','win'),(14,1,2,'2010-11-07 21:00:00',NULL,4,'Fae',1,'BE','win'),(15,1,2,'2010-11-14 21:00:00',NULL,3,'RCA',2,'FR','win'),(16,1,3,'2010-09-26 19:00:00',NULL,3,'nuBreed',3,'DE','draw'),(17,1,3,'2010-10-03 19:00:00',NULL,4,'nSK',2,'DE','win'),(18,1,3,'2010-10-10 19:00:00',NULL,2,'GL',4,'NO','loss'),(19,1,3,'2010-10-17 19:00:00',NULL,6,'Baby',0,'DE','win'),(20,1,3,'2010-10-31 19:00:00',NULL,4,'dnc',2,'DE','win'),(21,1,4,'2010-10-04 17:00:00',NULL,0,'SYPHER',3,'BE','loss'),(22,1,4,'2010-10-11 17:00:00',NULL,1,'CN',4,'FR','loss'),(23,1,4,'2010-11-28 17:00:00',NULL,3,'Prod',2,'FR','win'),(24,1,4,'2010-12-06 17:00:00',NULL,2,'3D',3,'FR','loss'),(25,1,4,'2010-12-12 17:00:00',NULL,4,'MgZ',1,'FR','win'),(26,1,4,'2010-12-17 17:00:00',NULL,4,'JPFF',1,'FR','win'),(27,1,4,'2011-01-23 17:00:00',NULL,3,'SN',2,'FR','win'),(28,1,4,'2011-02-08 17:00:00',NULL,1,'Virus',4,'EU','loss'),(29,1,4,'2011-02-20 17:00:00',NULL,1,'Oo',3,'FR','loss'),(30,1,5,'2011-04-10 19:00:00',NULL,4,'DoS',1,'DE','win'),(31,1,5,'2011-04-24 19:00:00',NULL,0,'eyes',4,'DE','loss'),(32,1,5,'2011-05-01 19:00:00',NULL,3,'oOa',2,'DE','win'),(33,1,5,'2011-05-08 19:00:00',NULL,0,'dw.',5,'DE','loss'),(34,1,5,'2011-05-22 19:00:00',NULL,2,'hwbg',3,'BG','loss'),(35,1,6,'2011-05-01 17:00:00',NULL,3,'PhX',2,'FR','win'),(36,1,6,'2011-05-08 17:00:00',NULL,3,'FOX',2,'FR','win'),(37,1,6,'2011-05-15 17:00:00',NULL,3,'nSg',2,'FR','win'),(38,1,6,'2011-05-22 17:00:00',NULL,2,'sAs',3,'FR','loss');
/*!40000 ALTER TABLE `war` ENABLE KEYS */;
UNLOCK TABLES;

--
-- Table structure for table `wargame`
--

DROP TABLE IF EXISTS `wargame`;
/*!40101 SET @saved_cs_client     = @@character_set_client */;
/*!40101 SET character_set_client = utf8 */;
CREATE TABLE `wargame` (
  `id` int(11) NOT NULL AUTO_INCREMENT,
  `war_id` int(11) DEFAULT NULL,
  `team1Score` int(11) NOT NULL,
  `team2Score` int(11) NOT NULL,
  PRIMARY KEY (`id`),
  KEY `IDX_F676B01B5B81B612` (`war_id`),
  CONSTRAINT `wargame_ibfk_1` FOREIGN KEY (`war_id`) REFERENCES `war` (`id`)
) ENGINE=InnoDB AUTO_INCREMENT=172 DEFAULT CHARSET=latin1;
/*!40101 SET character_set_client = @saved_cs_client */;

--
-- Dumping data for table `wargame`
--

LOCK TABLES `wargame` WRITE;
/*!40000 ALTER TABLE `wargame` DISABLE KEYS */;
INSERT INTO `wargame` VALUES (1,1,1,2),(2,1,2,1),(3,1,0,2),(4,1,2,1),(5,1,2,1),(6,1,0,2),(7,1,0,2),(8,1,0,2),(9,2,0,2),(10,2,1,2),(11,2,0,2),(12,2,2,1),(13,3,2,0),(14,3,0,2),(15,3,0,2),(16,3,0,2),(17,3,0,2),(18,3,2,1),(19,3,0,2),(20,4,2,0),(21,4,1,2),(22,4,1,2),(23,4,2,0),(24,5,1,2),(25,5,2,0),(26,5,2,1),(27,5,0,2),(28,5,2,1),(29,5,0,2),(30,6,2,0),(31,6,0,2),(32,6,0,2),(33,6,2,0),(34,7,2,1),(35,7,2,0),(36,7,2,0),(37,7,2,0),(38,7,2,0),(39,8,1,2),(40,8,1,2),(41,8,2,0),(42,8,2,0),(43,9,0,2),(44,9,2,0),(45,9,2,0),(46,9,0,2),(47,10,2,0),(48,10,2,0),(49,10,2,0),(50,10,0,2),(51,11,2,0),(52,11,2,0),(53,11,2,1),(54,11,2,0),(55,12,1,2),(56,12,2,1),(57,12,1,2),(58,12,2,0),(59,13,2,0),(60,13,2,0),(61,13,2,0),(62,13,2,0),(63,14,2,0),(64,14,0,2),(65,14,2,0),(66,14,2,0),(67,15,1,2),(68,15,2,0),(69,15,1,2),(70,15,2,0),(71,16,1,2),(72,16,0,2),(73,16,2,0),(74,16,1,2),(75,16,2,0),(76,16,2,0),(77,17,2,0),(78,17,1,2),(79,17,2,0),(80,17,1,2),(81,17,2,0),(82,18,0,2),(83,18,0,2),(84,18,1,2),(85,18,2,0),(86,18,0,2),(87,19,2,1),(88,19,2,0),(89,19,2,0),(90,19,2,0),(91,19,2,0),(92,20,2,0),(93,20,2,0),(94,20,2,0),(95,20,2,0),(96,20,0,2),(97,21,1,2),(98,21,0,2),(99,21,0,2),(100,22,0,2),(101,22,0,2),(102,22,2,1),(103,22,0,2),(104,23,2,0),(105,23,1,2),(106,23,2,1),(107,23,2,0),(108,24,2,1),(109,24,0,2),(110,24,1,2),(111,24,2,0),(112,25,2,1),(113,25,0,2),(114,25,2,0),(115,25,2,0),(116,26,2,0),(117,26,2,1),(118,26,0,2),(119,26,2,0),(120,3,0,2),(121,3,2,0),(122,3,2,0),(123,3,2,1),(124,27,2,1),(125,27,0,2),(126,27,2,1),(127,27,0,2),(128,28,0,2),(129,28,0,2),(130,28,0,2),(131,28,2,0),(132,29,2,0),(133,29,0,2),(134,29,1,2),(135,30,2,1),(136,30,2,0),(137,30,1,2),(138,30,2,1),(139,30,2,0),(140,31,0,2),(141,31,1,2),(142,31,0,2),(143,32,2,0),(144,32,2,0),(145,32,2,1),(146,32,1,2),(147,33,1,2),(148,33,0,2),(149,33,0,2),(150,33,1,2),(151,34,2,0),(152,34,1,2),(153,34,2,0),(154,34,1,2),(155,35,2,0),(156,35,2,0),(157,35,1,2),(158,35,2,0),(159,35,0,2),(160,36,0,2),(161,36,2,1),(162,36,2,0),(163,36,2,1),(164,37,1,2),(165,37,2,1),(166,37,2,1),(167,37,2,1),(168,38,2,0),(169,38,1,2),(170,38,1,2),(171,38,2,1);
/*!40000 ALTER TABLE `wargame` ENABLE KEYS */;
UNLOCK TABLES;
/*!40103 SET TIME_ZONE=@OLD_TIME_ZONE */;

/*!40101 SET SQL_MODE=@OLD_SQL_MODE */;
/*!40014 SET FOREIGN_KEY_CHECKS=@OLD_FOREIGN_KEY_CHECKS */;
/*!40014 SET UNIQUE_CHECKS=@OLD_UNIQUE_CHECKS */;
/*!40101 SET CHARACTER_SET_CLIENT=@OLD_CHARACTER_SET_CLIENT */;
/*!40101 SET CHARACTER_SET_RESULTS=@OLD_CHARACTER_SET_RESULTS */;
/*!40101 SET COLLATION_CONNECTION=@OLD_COLLATION_CONNECTION */;
/*!40111 SET SQL_NOTES=@OLD_SQL_NOTES */;

-- Dump completed on 2011-05-30 15:02:34
